preg_month2,mall_flag,source_path,target_path,path_uv
1-2岁,0,首页202007:工具_1,首页202007:feeds_2,3808
1-2岁,0,领饲料弹窗:浏览广告任务去完成_1,领饲料弹窗:浏览广告任务领取奖励_2,3599
1-2岁,0,新宝宝妈妈变化-孕育周刊:返回按钮_1,新宝宝妈妈变化-孕育周刊:周刊卡片_2,3591
1-2岁,0,领饲料弹窗:使用指定工具去完成_1,宝宝听-首页:推荐TAB_2,2742
1-2岁,0,首页202007:工具_1,首页:新人礼盒子_2,2529
1-2岁,0,领饲料弹窗:浏览广告任务领取奖励_1,领饲料弹窗:使用指定工具去完成_2,2431
1-2岁,0,宝宝听-首页:推荐TAB_1,领饲料弹窗:使用指定工具领取奖励_2,2407
1-2岁,0,宝宝听-首页:推荐TAB_1,宝宝听-首页:场景_2,2204
1-2岁,0,搜索激活页_全部:搜索按钮_1,大搜-搜索结果页:大搜-搜索结果列表_2,2070
1-2岁,0,首页202007:工具_1,宝宝听-首页:推荐TAB_2,1988
1-2岁,0,搜索激活页_全部:搜索激活页（不包括输入搜索词后弹出的联想词列表页）_1,搜索激活页_全部:搜索按钮_2,1984
1-2岁,0,首页:好友牧场回家按钮_1,首页:好友按钮_2,1877
1-2岁,0,首页202007:搜索框_1,搜索激活页_全部:搜索激活页（不包括输入搜索词后弹出的联想词列表页）_2,1874
1-2岁,0,首页202007:feeds_1,首页202007:工具_2,1832
1-2岁,0,领饲料弹窗:回答问题领取任务_1,领饲料弹窗:回答问题去完成_2,1781
1-2岁,0,新版能不能吃-搜索页:输入关键词_1,新版能不能吃-搜索结果页:食物卡片_2,1693
1-2岁,0,领饲料弹窗:回答问题去完成_1,最新问题页:问题列表_2,1670
1-2岁,0,新版能不能吃-首页:搜索框_1,新版能不能吃-搜索页:输入关键词_2,1595
1-2岁,0,首页:新人礼盒子_1,首页:领饲料按钮_2,1498
1-2岁,0,搜索激活页_全部:搜索激活页（不包括输入搜索词后弹出的联想词列表页）_1,搜索激活页_全部:联想词列表_2,1447
1-2岁,1,领饲料弹窗:浏览广告任务去完成_1,领饲料弹窗:浏览广告任务领取奖励_2,654
1-2岁,1,新签到首页-202108:当日红包开心收下_1,新签到首页-202108:签到商品feed_2,492
1-2岁,1,新签到首页-202108:签到商品feed_1,商品详情页9.5上线版本:整个页面_2,446
1-2岁,1,领饲料弹窗:使用指定工具去完成_1,宝宝听-首页:推荐TAB_2,430
1-2岁,1,新宝宝妈妈变化-孕育周刊:返回按钮_1,新宝宝妈妈变化-孕育周刊:周刊卡片_2,426
1-2岁,1,领饲料弹窗:浏览广告任务领取奖励_1,领饲料弹窗:使用指定工具去完成_2,418
1-2岁,1,首页202007:工具_1,首页:新人礼盒子_2,384
1-2岁,1,领饲料弹窗:回答问题领取任务_1,领饲料弹窗:回答问题去完成_2,380
1-2岁,1,宝宝听-首页:推荐TAB_1,领饲料弹窗:使用指定工具领取奖励_2,365
1-2岁,1,首页:好友牧场回家按钮_1,首页:好友按钮_2,347
1-2岁,1,宝宝听-首页:推荐TAB_1,宝宝听-首页:场景_2,344
1-2岁,1,领饲料弹窗:回答问题去完成_1,最新问题页:问题列表_2,343
1-2岁,1,首页:新人礼盒子_1,首页:领饲料按钮_2,269
1-2岁,1,首页202007:工具_1,首页202007:feeds_2,251
1-2岁,1,本地照片选择页:照片选择_1,本地照片选择页:确定按钮_2,237
1-2岁,1,新问题详情页:返回_1,领饲料弹窗:回答问题领取奖励_2,233
1-2岁,1,添加答案页:发送回复_1,新问题详情页:返回_2,228
1-2岁,1,领饲料弹窗:使用指定工具领取奖励_1,领饲料弹窗:帮好友喂去完成_2,223
1-2岁,1,首页:领饲料按钮_1,领饲料弹窗:浏览广告任务去完成_2,218
1-2岁,1,领饲料弹窗:使用指定工具去完成_1,领饲料弹窗:使用指定工具领取奖励_2,217
1-2岁,2,首页202007:工具_1,首页202007:feeds_2,1694
1-2岁,2,新宝宝妈妈变化-孕育周刊:返回按钮_1,新宝宝妈妈变化-孕育周刊:周刊卡片_2,1387
1-2岁,2,领饲料弹窗:浏览广告任务去完成_1,领饲料弹窗:浏览广告任务领取奖励_2,1383
1-2岁,2,领饲料弹窗:使用指定工具去完成_1,宝宝听-首页:推荐TAB_2,1085
1-2岁,2,首页202007:工具_1,首页:新人礼盒子_2,1043
1-2岁,2,领饲料弹窗:浏览广告任务领取奖励_1,领饲料弹窗:使用指定工具去完成_2,996
1-2岁,2,宝宝听-首页:推荐TAB_1,宝宝听-首页:场景_2,969
1-2岁,2,工具-喂养记录(8.36)-喂奶记录页:喂奶时间_1,工具-喂养记录(8.36)-喂奶记录页:选择时间控件确定按钮_2,969
1-2岁,2,工具-喂养记录(v7.9.4)-首页:喂奶_1,工具-喂养记录(8.36)-喂奶记录页:tab_2,963
1-2岁,2,宝宝听-首页:推荐TAB_1,领饲料弹窗:使用指定工具领取奖励_2,946
1-2岁,2,首页202007:工具_1,宝宝听-首页:推荐TAB_2,886
1-2岁,2,工具-喂养记录(8.36)-睡眠结果:结束时间_1,工具-喂养记录(8.36)-睡眠结果:结束时间确认_2,855
1-2岁,2,搜索激活页_全部:搜索按钮_1,大搜-搜索结果页:大搜-搜索结果列表_2,837
1-2岁,2,搜索激活页_全部:搜索激活页（不包括输入搜索词后弹出的联想词列表页）_1,搜索激活页_全部:搜索按钮_2,802
1-2岁,2,首页202007:搜索框_1,搜索激活页_全部:搜索激活页（不包括输入搜索词后弹出的联想词列表页）_2,802
1-2岁,2,首页202007:feeds_1,首页202007:工具_2,770
1-2岁,2,首页:好友牧场回家按钮_1,首页:好友按钮_2,693
1-2岁,2,工具-喂养记录(8.36)-睡眠结果:开始时间_1,工具-喂养记录(8.36)-睡眠结果:开始时间确认_2,689
1-2岁,2,工具-喂养记录(8.36)-喂奶记录页:选择时间控件确定按钮_1,工具-喂养记录(8.36)-喂奶记录页:完成按钮_2,664
1-2岁,2,首页:新人礼盒子_1,首页:领饲料按钮_2,605
2-3岁,0,首页202007:工具_1,首页202007:feeds_2,1142
2-3岁,0,记录时光首页:蒙层1我知道了_1,记录时光首页:蒙层2暂不使用_2,862
2-3岁,0,搜索激活页_全部:搜索按钮_1,大搜-搜索结果页:大搜-搜索结果列表_2,654
2-3岁,0,新版能不能吃-搜索页:输入关键词_1,新版能不能吃-搜索结果页:食物卡片_2,653
2-3岁,0,新版能不能吃-首页:搜索框_1,新版能不能吃-搜索页:输入关键词_2,621
2-3岁,0,搜索激活页_全部:搜索激活页（不包括输入搜索词后弹出的联想词列表页）_1,搜索激活页_全部:搜索按钮_2,618
2-3岁,0,领饲料弹窗:浏览广告任务去完成_1,领饲料弹窗:浏览广告任务领取奖励_2,618
2-3岁,0,首页202007:搜索框_1,搜索激活页_全部:搜索激活页（不包括输入搜索词后弹出的联想词列表页）_2,583
2-3岁,0,宝宝听-首页:推荐TAB_1,宝宝听-首页:场景_2,525
2-3岁,0,领饲料弹窗:使用指定工具去完成_1,宝宝听-首页:推荐TAB_2,490
2-3岁,0,首页202007:宝妈关爱整体卡片_1,首页202007:feeds_2,486
2-3岁,0,首页202007:工具_1,宝宝听-首页:推荐TAB_2,476
2-3岁,0,大搜-搜索结果页:大搜-搜索结果列表_1,达人文章详情页:整个页面滑动_2,473
2-3岁,0,领饲料弹窗:浏览广告任务领取奖励_1,领饲料弹窗:使用指定工具去完成_2,452
2-3岁,0,搜索激活页_全部:搜索激活页（不包括输入搜索词后弹出的联想词列表页）_1,搜索激活页_全部:联想词列表_2,438
2-3岁,0,home页202008:工具_1,日历首页:日历_2,437
2-3岁,0,首页202007:feeds_1,首页202007:工具_2,432
2-3岁,0,宝宝听-首页:推荐TAB_1,领饲料弹窗:使用指定工具领取奖励_2,422
2-3岁,0,首页202007:工具_1,首页:新人礼盒子_2,418
2-3岁,0,搜索激活页_全部:联想词列表_1,大搜-搜索结果页:大搜-搜索结果列表_2,385
2-3岁,1,新签到首页-202108:当日红包开心收下_1,新签到首页-202108:签到商品feed_2,137
2-3岁,1,新签到首页-202108:签到商品feed_1,商品详情页9.5上线版本:整个页面_2,137
2-3岁,1,领饲料弹窗:浏览广告任务去完成_1,领饲料弹窗:浏览广告任务领取奖励_2,134
2-3岁,1,宝宝听-首页:推荐TAB_1,宝宝听-首页:场景_2,122
2-3岁,1,广场首页:202004育儿版头部一级tab_1,广场首页:202004育儿版头部二级tab_2,112
2-3岁,1,记录时光首页:蒙层1我知道了_1,记录时光首页:蒙层2暂不使用_2,88
2-3岁,1,领饲料弹窗:使用指定工具去完成_1,宝宝听-首页:推荐TAB_2,87
2-3岁,1,领饲料弹窗:浏览广告任务领取奖励_1,领饲料弹窗:使用指定工具去完成_2,85
2-3岁,1,广场首页:202004育儿版头部二级tab_1,广场首页:202004育儿版feeds栏位_2,77
2-3岁,1,领饲料弹窗:回答问题领取任务_1,领饲料弹窗:回答问题去完成_2,76
2-3岁,1,领饲料弹窗:回答问题去完成_1,最新问题页:问题列表_2,73
2-3岁,1,宝宝听-首页:推荐TAB_1,领饲料弹窗:使用指定工具领取奖励_2,71
2-3岁,1,本地照片选择页:照片选择_1,本地照片选择页:确定按钮_2,67
2-3岁,1,首页202007:feeds_1,广场首页:202004育儿版feeds栏位_2,66
2-3岁,1,home页202008:个人中心签到/vip运营位_1,新签到首页-202108:任务列表_2,65
2-3岁,1,首页202007:工具_1,首页202007:feeds_2,65
2-3岁,1,首页:好友牧场回家按钮_1,首页:好友按钮_2,65
2-3岁,1,首页202007:工具_1,首页:新人礼盒子_2,64
2-3岁,1,新版能不能吃-首页:食物分类_1,新版能不能吃-分类列表页:食物卡片_2,61
2-3岁,1,新版能不能吃-首页:搜索框_1,新版能不能吃-搜索页:输入关键词_2,60
2-3岁,2,首页202007:工具_1,首页202007:feeds_2,221
2-3岁,2,领饲料弹窗:浏览广告任务去完成_1,领饲料弹窗:浏览广告任务领取奖励_2,208
2-3岁,2,领饲料弹窗:使用指定工具去完成_1,宝宝听-首页:推荐TAB_2,166
2-3岁,2,首页202007:工具_1,首页:新人礼盒子_2,154
2-3岁,2,工具-喂养记录(8.36)-睡眠结果:结束时间_1,工具-喂养记录(8.36)-睡眠结果:结束时间确认_2,147
2-3岁,2,领饲料弹窗:浏览广告任务领取奖励_1,领饲料弹窗:使用指定工具去完成_2,144
2-3岁,2,搜索激活页_全部:搜索按钮_1,大搜-搜索结果页:大搜-搜索结果列表_2,143
2-3岁,2,宝宝听-首页:推荐TAB_1,领饲料弹窗:使用指定工具领取奖励_2,143
2-3岁,2,宝宝听-首页:推荐TAB_1,宝宝听-首页:场景_2,142
2-3岁,2,首页202007:feeds_1,首页202007:工具_2,131
2-3岁,2,首页202007:工具_1,宝宝听-首页:推荐TAB_2,125
2-3岁,2,工具-喂养记录(8.36)-睡眠结果:开始时间_1,工具-喂养记录(8.36)-睡眠结果:开始时间确认_2,119
2-3岁,2,首页202007:签到_1,新签到首页-202108:当日红包开心收下_2,113
2-3岁,2,搜索激活页_全部:搜索激活页（不包括输入搜索词后弹出的联想词列表页）_1,搜索激活页_全部:搜索按钮_2,113
2-3岁,2,工具-喂养记录(v7.9.4)-首页:喂奶_1,工具-喂养记录(8.36)-喂奶记录页:tab_2,112
2-3岁,2,工具-喂养记录(v7.9.4)-首页:睡眠的【宝宝睡了】按钮_1,工具-喂养记录(8.36)-睡眠:手动输入时间按钮_2,105
2-3岁,2,首页202007:搜索框_1,搜索激活页_全部:搜索激活页（不包括输入搜索词后弹出的联想词列表页）_2,105
2-3岁,2,大搜-搜索结果页:大搜-搜索结果列表_1,达人文章详情页:整个页面滑动_2,104
2-3岁,2,首页202007:签到_1,首页202007:feeds_2,102
2-3岁,2,工具-喂养记录(8.36)-喂奶记录页:喂奶时间_1,工具-喂养记录(8.36)-喂奶记录页:选择时间控件确定按钮_2,100
3-4岁,0,首页202007:工具_1,首页202007:feeds_2,512
3-4岁,0,记录时光首页:蒙层1我知道了_1,记录时光首页:蒙层2暂不使用_2,502
3-4岁,0,home页202008:工具_1,日历首页:日历_2,348
3-4岁,0,宝宝听-首页:推荐TAB_1,宝宝听-首页:场景_2,289
3-4岁,0,搜索激活页_全部:搜索按钮_1,大搜-搜索结果页:大搜-搜索结果列表_2,242
3-4岁,0,搜索激活页_全部:搜索激活页（不包括输入搜索词后弹出的联想词列表页）_1,搜索激活页_全部:搜索按钮_2,241
3-4岁,0,新版能不能吃-搜索页:输入关键词_1,新版能不能吃-搜索结果页:食物卡片_2,234
3-4岁,0,首页202007:搜索框_1,搜索激活页_全部:搜索激活页（不包括输入搜索词后弹出的联想词列表页）_2,233
3-4岁,0,首页202007:工具_1,宝宝听-首页:推荐TAB_2,231
3-4岁,0,新版能不能吃-首页:搜索框_1,新版能不能吃-搜索页:输入关键词_2,228
3-4岁,0,日历首页:大姨妈来了_1,日历首页:日历_2,195
3-4岁,0,home页202008:工具_1,home页202008:feed_2,188
3-4岁,0,首页202007:feeds_1,首页202007:工具_2,185
3-4岁,0,本地照片选择页:照片选择_1,本地照片选择页:确定按钮_2,181
3-4岁,0,首页202007:宝妈关爱整体卡片_1,首页202007:feeds_2,180
3-4岁,0,大搜-搜索结果页:大搜-搜索结果列表_1,达人文章详情页:整个页面滑动_2,177
3-4岁,0,首页202007:工具_1,日历首页:日历_2,177
3-4岁,0,领饲料弹窗:浏览广告任务去完成_1,领饲料弹窗:浏览广告任务领取奖励_2,174
3-4岁,0,领饲料弹窗:使用指定工具去完成_1,领饲料弹窗:使用指定工具领取奖励_2,163
3-4岁,0,日历首页:日历_1,日历首页:大姨妈来了_2,160
3-4岁,1,新签到首页-202108:当日红包开心收下_1,新签到首页-202108:签到商品feed_2,77
3-4岁,1,新签到首页-202108:签到商品feed_1,商品详情页9.5上线版本:整个页面_2,71
3-4岁,1,宝宝听-首页:推荐TAB_1,宝宝听-首页:场景_2,61
3-4岁,1,本地照片选择页:照片选择_1,本地照片选择页:确定按钮_2,50
3-4岁,1,广场首页:202004育儿版头部一级tab_1,广场首页:202004育儿版头部二级tab_2,45
3-4岁,1,领饲料弹窗:浏览广告任务去完成_1,领饲料弹窗:浏览广告任务领取奖励_2,43
3-4岁,1,领饲料弹窗:使用指定工具去完成_1,领饲料弹窗:使用指定工具领取奖励_2,41
3-4岁,1,记录时光首页:蒙层1我知道了_1,记录时光首页:蒙层2暂不使用_2,38
3-4岁,1,home页202008:个人中心签到/vip运营位_1,新签到首页-202108:任务列表_2,34
3-4岁,1,广场首页:202004育儿版头部一级tab_1,广场首页:202004育儿版feeds栏位_2,31
3-4岁,1,广场首页:202004育儿版头部二级tab_1,广场首页:202004育儿版feeds栏位_2,31
3-4岁,1,广场首页:202004育儿版feeds栏位_1,首页202007:feeds_2,31
3-4岁,1,home页202008:左上角-菜单按钮_1,个人主页侧边菜单:个人主页侧边菜单_2,30
3-4岁,1,广场首页:202004育儿版头部二级tab_1,广场首页:202004育儿版头部一级tab_2,29
3-4岁,1,首页202007:feeds_1,广场首页:202004育儿版feeds栏位_2,29
3-4岁,1,领饲料弹窗:浏览广告任务领取奖励_1,领饲料弹窗:使用指定工具去完成_2,28
3-4岁,1,本地照片选择页:确定按钮_1,写日记页面:发布按钮_2,27
3-4岁,1,首页202007:签到_1,新签到首页-202108:任务列表_2,27
3-4岁,1,新版能不能吃-首页:食物分类_1,新版能不能吃-分类列表页:食物卡片_2,27
3-4岁,1,宝宝听-首页:场景_1,宝宝听-专辑 （歌单）详情:歌曲_2,26
3-4岁,2,首页202007:工具_1,首页202007:feeds_2,75
3-4岁,2,首页202007:签到_1,新签到首页-202108:当日红包开心收下_2,74
3-4岁,2,领饲料弹窗:浏览广告任务去完成_1,领饲料弹窗:浏览广告任务领取奖励_2,66
3-4岁,2,领饲料弹窗:使用指定工具去完成_1,领饲料弹窗:使用指定工具领取奖励_2,55
3-4岁,2,领饲料弹窗:浏览广告任务领取奖励_1,领饲料弹窗:使用指定工具去完成_2,52
3-4岁,2,首页202007:工具_1,宝宝听-首页:推荐TAB_2,51
3-4岁,2,首页202007:签到_1,首页202007:feeds_2,49
3-4岁,2,宝宝听-首页:推荐TAB_1,宝宝听-首页:场景_2,46
3-4岁,2,首页202007:工具_1,首页:新人礼盒子_2,44
3-4岁,2,搜索激活页_全部:搜索激活页（不包括输入搜索词后弹出的联想词列表页）_1,搜索激活页_全部:搜索按钮_2,40
3-4岁,2,首页202007:搜索框_1,搜索激活页_全部:搜索激活页（不包括输入搜索词后弹出的联想词列表页）_2,39
3-4岁,2,home页202008:工具_1,日历首页:日历_2,37
3-4岁,2,首页:领饲料按钮_1,领饲料弹窗:浏览广告任务去完成_2,37
3-4岁,2,首页:新人礼盒子_1,首页:领饲料按钮_2,34
3-4岁,2,宝宝听-专辑 （歌单）详情:歌曲_1,宝宝听-播放页:播放时长_2,32
3-4岁,2,首页202007:feeds_1,首页202007:工具_2,30
3-4岁,2,大搜-搜索结果页:大搜-搜索结果列表_1,达人文章详情页:整个页面滑动_2,30
3-4岁,2,记录时光首页:蒙层1我知道了_1,记录时光首页:蒙层2暂不使用_2,29
3-4岁,2,home页202008:工具_1,首页:新人礼盒子_2,29
3-4岁,2,搜索激活页_全部:搜索按钮_1,大搜-搜索结果页:大搜-搜索结果列表_2,28
4-5岁,0,首页202007:工具_1,首页202007:feeds_2,345
4-5岁,0,记录时光首页:蒙层1我知道了_1,记录时光首页:蒙层2暂不使用_2,310
4-5岁,0,home页202008:工具_1,日历首页:日历_2,249
4-5岁,0,搜索激活页_全部:搜索按钮_1,大搜-搜索结果页:大搜-搜索结果列表_2,147
4-5岁,0,搜索激活页_全部:搜索激活页（不包括输入搜索词后弹出的联想词列表页）_1,搜索激活页_全部:搜索按钮_2,139
4-5岁,0,首页202007:搜索框_1,搜索激活页_全部:搜索激活页（不包括输入搜索词后弹出的联想词列表页）_2,136
4-5岁,0,宝宝听-首页:推荐TAB_1,宝宝听-首页:场景_2,130
4-5岁,0,首页202007:工具_1,宝宝听-首页:推荐TAB_2,126
4-5岁,0,新版能不能吃-搜索页:输入关键词_1,新版能不能吃-搜索结果页:食物卡片_2,121
4-5岁,0,日历首页:日历_1,日历首页:大姨妈来了_2,113
4-5岁,0,home页202008:工具_1,日历首页:大姨妈来了_2,111
4-5岁,0,首页202007:feeds_1,首页202007:工具_2,111
4-5岁,0,新版能不能吃-首页:搜索框_1,新版能不能吃-搜索页:输入关键词_2,109
4-5岁,0,大搜-搜索结果页:大搜-搜索结果列表_1,达人文章详情页:整个页面滑动_2,109
4-5岁,0,首页202007:签到_1,新签到首页-202108:当日红包开心收下_2,108
4-5岁,0,日历首页:大姨妈来了_1,日历首页:日历_2,108
4-5岁,0,首页202007:宝妈关爱整体卡片_1,首页202007:feeds_2,104
4-5岁,0,领饲料弹窗:浏览广告任务去完成_1,领饲料弹窗:浏览广告任务领取奖励_2,104
4-5岁,0,搜索激活页_全部:搜索激活页（不包括输入搜索词后弹出的联想词列表页）_1,搜索激活页_全部:联想词列表_2,97
4-5岁,0,本地照片选择页:照片选择_1,本地照片选择页:确定按钮_2,96
4-5岁,1,新签到首页-202108:签到商品feed_1,商品详情页9.5上线版本:整个页面_2,55
4-5岁,1,新签到首页-202108:当日红包开心收下_1,新签到首页-202108:签到商品feed_2,53
4-5岁,1,宝宝听-首页:推荐TAB_1,宝宝听-首页:场景_2,51
4-5岁,1,广场首页:202004育儿版头部一级tab_1,广场首页:202004育儿版头部二级tab_2,49
4-5岁,1,记录时光首页:蒙层1我知道了_1,记录时光首页:蒙层2暂不使用_2,46
4-5岁,1,本地照片选择页:照片选择_1,本地照片选择页:确定按钮_2,39
4-5岁,1,首页202007:feeds_1,广场首页:202004育儿版feeds栏位_2,38
4-5岁,1,广场首页:202004育儿版头部二级tab_1,广场首页:202004育儿版feeds栏位_2,30
4-5岁,1,领饲料弹窗:浏览广告任务去完成_1,领饲料弹窗:浏览广告任务领取奖励_2,29
4-5岁,1,home页202008:个人中心签到/vip运营位_1,新签到首页-202108:任务列表_2,26
4-5岁,1,本地照片选择页:确定按钮_1,写日记页面:发布按钮_2,26
4-5岁,1,记录时光首页:记照片入口_1,本地照片选择页:照片选择_2,24
4-5岁,1,首页202007:工具_1,首页202007:feeds_2,23
4-5岁,1,领饲料弹窗:使用指定工具去完成_1,领饲料弹窗:使用指定工具领取奖励_2,23
4-5岁,1,新版能不能吃-首页:食物分类_1,新版能不能吃-分类列表页:食物卡片_2,23
4-5岁,1,广场首页:202004育儿版feeds栏位_1,首页202007:feeds_2,22
4-5岁,1,广场首页:202004育儿版feeds栏位_1,home页202008:feed_2,21
4-5岁,1,首页202007:签到_1,新签到首页-202108:任务列表_2,20
4-5岁,1,首页202007:签到_1,首页202007:feeds_2,19
4-5岁,1,首页202007:feeds_1,home页202008:feed_2,17
4-5岁,2,首页202007:签到_1,首页202007:feeds_2,57
4-5岁,2,首页202007:签到_1,新签到首页-202108:当日红包开心收下_2,57
4-5岁,2,首页202007:工具_1,首页202007:feeds_2,51
4-5岁,2,领饲料弹窗:浏览广告任务去完成_1,领饲料弹窗:浏览广告任务领取奖励_2,38
4-5岁,2,宝宝听-首页:推荐TAB_1,宝宝听-首页:场景_2,37
4-5岁,2,首页202007:工具_1,宝宝听-首页:推荐TAB_2,33
4-5岁,2,领饲料弹窗:使用指定工具去完成_1,领饲料弹窗:使用指定工具领取奖励_2,29
4-5岁,2,home页202008:工具_1,日历首页:日历_2,26
4-5岁,2,首页202007:feeds_1,首页202007:工具_2,25
4-5岁,2,首页202007:工具_1,首页:新人礼盒子_2,24
4-5岁,2,领饲料弹窗:浏览广告任务领取奖励_1,领饲料弹窗:使用指定工具去完成_2,23
4-5岁,2,搜索激活页_全部:搜索按钮_1,大搜-搜索结果页:大搜-搜索结果列表_2,22
4-5岁,2,home页202008:个人中心签到/vip运营位_1,新签到首页-202108:当日红包开心收下_2,22
4-5岁,2,宝宝听-专辑 （歌单）详情:歌曲_1,宝宝听-播放页:播放时长_2,21
4-5岁,2,宝宝听-首页:场景_1,宝宝听-专辑 （歌单）详情:歌曲_2,19
4-5岁,2,记录时光首页:蒙层1我知道了_1,记录时光首页:蒙层2暂不使用_2,19
4-5岁,2,首页:好友牧场回家按钮_1,首页:好友按钮_2,18
4-5岁,2,首页:领饲料按钮_1,领饲料弹窗:浏览广告任务去完成_2,18
4-5岁,2,搜索激活页_全部:搜索激活页（不包括输入搜索词后弹出的联想词列表页）_1,搜索激活页_全部:搜索按钮_2,17
4-5岁,2,首页202007:feeds_1,首页202007:签到_2,17
5-6岁,0,记录时光首页:蒙层1我知道了_1,记录时光首页:蒙层2暂不使用_2,238
5-6岁,0,首页202007:工具_1,首页202007:feeds_2,205
5-6岁,0,home页202008:工具_1,日历首页:日历_2,124
5-6岁,0,宝宝听-首页:推荐TAB_1,宝宝听-首页:场景_2,114
5-6岁,0,首页202007:工具_1,宝宝听-首页:推荐TAB_2,103
5-6岁,0,领饲料弹窗:浏览广告任务去完成_1,领饲料弹窗:浏览广告任务领取奖励_2,90
5-6岁,0,首页202007:签到_1,新签到首页-202108:当日红包开心收下_2,84
5-6岁,0,宝宝听-专辑 （歌单）详情:歌曲_1,宝宝听-播放页:播放时长_2,78
5-6岁,0,首页202007:feeds_1,首页202007:工具_2,78
5-6岁,0,领饲料弹窗:使用指定工具去完成_1,领饲料弹窗:使用指定工具领取奖励_2,73
5-6岁,0,日历首页:日历_1,日历首页:大姨妈来了_2,71
5-6岁,0,首页202007:签到_1,首页202007:feeds_2,71
5-6岁,0,本地照片选择页:照片选择_1,本地照片选择页:确定按钮_2,70
5-6岁,0,搜索激活页_全部:搜索激活页（不包括输入搜索词后弹出的联想词列表页）_1,搜索激活页_全部:搜索按钮_2,70
5-6岁,0,首页202007:日期_1,首页202007:feeds_2,68
5-6岁,0,领饲料弹窗:浏览广告任务领取奖励_1,领饲料弹窗:使用指定工具去完成_2,64
5-6岁,0,搜索激活页_全部:搜索按钮_1,大搜-搜索结果页:大搜-搜索结果列表_2,63
5-6岁,0,宝宝听-首页:场景_1,宝宝听-专辑 （歌单）详情:歌曲_2,60
5-6岁,0,home页202008:个人中心签到/vip运营位_1,新签到首页-202108:当日红包开心收下_2,57
5-6岁,0,大搜-搜索结果页:大搜-搜索结果列表_1,达人文章详情页:整个页面滑动_2,55
5-6岁,1,新签到首页-202108:当日红包开心收下_1,新签到首页-202108:签到商品feed_2,47
5-6岁,1,新签到首页-202108:签到商品feed_1,商品详情页9.5上线版本:整个页面_2,45
5-6岁,1,宝宝听-首页:推荐TAB_1,宝宝听-首页:场景_2,35
5-6岁,1,记录时光首页:蒙层1我知道了_1,记录时光首页:蒙层2暂不使用_2,32
5-6岁,1,领饲料弹窗:浏览广告任务去完成_1,领饲料弹窗:浏览广告任务领取奖励_2,26
5-6岁,1,领饲料弹窗:使用指定工具去完成_1,领饲料弹窗:使用指定工具领取奖励_2,24
5-6岁,1,本地照片选择页:照片选择_1,本地照片选择页:确定按钮_2,23
5-6岁,1,home页202008:个人中心签到/vip运营位_1,新签到首页-202108:任务列表_2,23
5-6岁,1,首页202007:工具_1,首页202007:feeds_2,23
5-6岁,1,首页202007:feeds_1,广场首页:202004育儿版feeds栏位_2,22
5-6岁,1,领饲料弹窗:浏览广告任务领取奖励_1,领饲料弹窗:使用指定工具去完成_2,21
5-6岁,1,新版能不能吃-首页:食物分类_1,新版能不能吃-分类列表页:食物卡片_2,20
5-6岁,1,首页202007:签到_1,新签到首页-202108:当日红包开心收下_2,20
5-6岁,1,广场首页:202004育儿版头部一级tab_1,广场首页:202004育儿版头部二级tab_2,19
5-6岁,1,首页202007:签到_1,首页202007:feeds_2,19
5-6岁,1,广场首页:202004育儿版头部二级tab_1,广场首页:202004育儿版feeds栏位_2,18
5-6岁,1,home页202008:个人中心签到/vip运营位_1,新签到首页-202108:当日红包开心收下_2,18
5-6岁,1,首页:好友牧场回家按钮_1,首页:好友按钮_2,15
5-6岁,1,广场首页:202004育儿版feeds栏位_1,home页202008:feed_2,15
5-6岁,1,广场首页:202004育儿版头部二级tab_1,广场首页:202004育儿版头部一级tab_2,15
5-6岁,2,首页202007:签到_1,首页202007:feeds_2,58
5-6岁,2,首页202007:签到_1,新签到首页-202108:当日红包开心收下_2,44
5-6岁,2,领饲料弹窗:浏览广告任务去完成_1,领饲料弹窗:浏览广告任务领取奖励_2,41
5-6岁,2,首页202007:工具_1,首页202007:feeds_2,39
5-6岁,2,领饲料弹窗:使用指定工具去完成_1,领饲料弹窗:使用指定工具领取奖励_2,37
5-6岁,2,领饲料弹窗:浏览广告任务领取奖励_1,领饲料弹窗:使用指定工具去完成_2,28
5-6岁,2,首页:好友牧场回家按钮_1,首页:好友按钮_2,23
5-6岁,2,home页202008:个人中心签到/vip运营位_1,新签到首页-202108:当日红包开心收下_2,21
5-6岁,2,home页202008:工具_1,日历首页:日历_2,20
5-6岁,2,首页202007:feeds_1,首页202007:工具_2,19
5-6岁,2,领饲料弹窗:使用指定工具领取奖励_1,领饲料弹窗:帮好友喂去完成_2,19
5-6岁,2,首页202007:工具_1,首页:新人礼盒子_2,19
5-6岁,2,首页:新人礼盒子_1,首页:领饲料按钮_2,17
5-6岁,2,首页202007:工具_1,宝宝听-首页:推荐TAB_2,15
5-6岁,2,领饲料弹窗:回答问题领取任务_1,领饲料弹窗:回答问题去完成_2,14
5-6岁,2,首页:好友牧场偷饲料手按钮_1,首页:好友牧场回家按钮_2,13
5-6岁,2,日历首页:日历_1,日历首页:大姨妈来了_2,12
5-6岁,2,首页:领饲料按钮_1,领饲料弹窗:帮好友喂领取奖励_2,12
5-6岁,2,新签到首页-202108:当日红包开心收下_1,首页202007:feeds_2,12
5-6岁,2,宝宝听-首页:场景_1,宝宝听-专辑 （歌单）详情:歌曲_2,12
6-7岁,0,记录时光首页:蒙层1我知道了_1,记录时光首页:蒙层2暂不使用_2,80
6-7岁,0,首页202007:工具_1,首页202007:feeds_2,60
6-7岁,0,home页202008:工具_1,日历首页:日历_2,51
6-7岁,0,本地照片选择页:照片选择_1,本地照片选择页:确定按钮_2,43
6-7岁,0,领饲料弹窗:浏览广告任务去完成_1,领饲料弹窗:浏览广告任务领取奖励_2,37
6-7岁,0,首页202007:工具_1,宝宝听-首页:推荐TAB_2,35
6-7岁,0,首页202007:签到_1,首页202007:feeds_2,34
6-7岁,0,宝宝听-首页:推荐TAB_1,宝宝听-首页:场景_2,33
6-7岁,0,领饲料弹窗:使用指定工具去完成_1,领饲料弹窗:使用指定工具领取奖励_2,32
6-7岁,0,home页202008:个人中心签到/vip运营位_1,新签到首页-202108:当日红包开心收下_2,31
6-7岁,0,领饲料弹窗:浏览广告任务领取奖励_1,领饲料弹窗:使用指定工具去完成_2,31
6-7岁,0,首页202007:签到_1,新签到首页-202108:当日红包开心收下_2,29
6-7岁,0,首页202007:feeds_1,首页202007:工具_2,27
6-7岁,0,日历首页:日历_1,日历首页:大姨妈来了_2,23
6-7岁,0,记录时光首页:工具栏_1,宝宝身高体重-首页:tab_2,22
6-7岁,0,搜索激活页_全部:搜索按钮_1,大搜-搜索结果页:大搜-搜索结果列表_2,22
6-7岁,0,搜索激活页_全部:搜索激活页（不包括输入搜索词后弹出的联想词列表页）_1,搜索激活页_全部:搜索按钮_2,22
6-7岁,0,首页202007:搜索框_1,搜索激活页_全部:搜索激活页（不包括输入搜索词后弹出的联想词列表页）_2,21
6-7岁,0,记录时光首页:记照片入口_1,本地照片选择页:照片选择_2,21
6-7岁,0,日历首页:大姨妈来了_1,日历首页:日历_2,20
6-7岁,1,新签到首页-202108:当日红包开心收下_1,新签到首页-202108:签到商品feed_2,16
6-7岁,1,记录时光首页:蒙层1我知道了_1,记录时光首页:蒙层2暂不使用_2,16
6-7岁,1,宝宝听-首页:推荐TAB_1,宝宝听-首页:场景_2,15
6-7岁,1,广场首页:202004育儿版头部一级tab_1,广场首页:202004育儿版头部二级tab_2,15
6-7岁,1,领饲料弹窗:浏览广告任务去完成_1,领饲料弹窗:浏览广告任务领取奖励_2,15
6-7岁,1,新签到首页-202108:签到商品feed_1,商品详情页9.5上线版本:整个页面_2,15
6-7岁,1,领饲料弹窗:使用指定工具去完成_1,领饲料弹窗:使用指定工具领取奖励_2,13
6-7岁,1,领饲料弹窗:浏览广告任务领取奖励_1,领饲料弹窗:使用指定工具去完成_2,11
6-7岁,1,首页202007:feeds_1,广场首页:202004育儿版feeds栏位_2,11
6-7岁,1,新版能不能吃-首页:食物分类_1,新版能不能吃-分类列表页:食物卡片_2,11
6-7岁,1,广场首页:202004育儿版头部二级tab_1,广场首页:202004育儿版feeds栏位_2,10
6-7岁,1,本地照片选择页:照片选择_1,本地照片选择页:确定按钮_2,10
6-7岁,1,广场首页:202004育儿版头部一级tab_1,广场首页:202004育儿版feeds栏位_2,9
6-7岁,1,广场首页:202004育儿版feeds栏位_1,首页202007:feeds_2,9
6-7岁,1,home页202008:个人中心签到/vip运营位_1,新签到首页-202108:任务列表_2,8
6-7岁,1,home页202008:个人中心签到/vip运营位_1,新签到首页-202108:当日红包开心收下_2,8
6-7岁,1,广场首页:202004育儿版头部二级tab_1,广场首页:202004育儿版头部一级tab_2,8
6-7岁,1,首页:领饲料按钮_1,领饲料弹窗:浏览广告任务去完成_2,8
6-7岁,1,新问题详情页:返回_1,首页202007:feeds_2,7
6-7岁,1,首页:好友牧场回家按钮_1,首页:好友按钮_2,7
6-7岁,2,首页202007:签到_1,首页202007:feeds_2,22
6-7岁,2,首页202007:签到_1,新签到首页-202108:当日红包开心收下_2,16
6-7岁,2,首页202007:工具_1,首页202007:feeds_2,12
6-7岁,2,领饲料弹窗:使用指定工具去完成_1,领饲料弹窗:使用指定工具领取奖励_2,12
6-7岁,2,领饲料弹窗:浏览广告任务去完成_1,领饲料弹窗:浏览广告任务领取奖励_2,11
6-7岁,2,首页202007:工具_1,宝宝听-首页:推荐TAB_2,9
6-7岁,2,首页202007:工具_1,首页:新人礼盒子_2,9
6-7岁,2,领饲料弹窗:浏览广告任务领取奖励_1,领饲料弹窗:使用指定工具去完成_2,9
6-7岁,2,首页:新人礼盒子_1,首页:领饲料按钮_2,8
6-7岁,2,首页202007:feeds_1,首页202007:工具_2,8
6-7岁,2,home页202008:工具_1,home页202008:feed_2,7
6-7岁,2,home页202008:工具_1,首页:新人礼盒子_2,6
6-7岁,2,记录时光首页:我的时光券_1,首页202007:签到_2,6
6-7岁,2,新签到首页-202108:当日红包开心收下_1,首页202007:feeds_2,6
6-7岁,2,搜索激活页_全部:搜索激活页（不包括输入搜索词后弹出的联想词列表页）_1,搜索激活页_全部:联想词列表_2,6
6-7岁,2,领饲料弹窗:回答问题领取任务_1,领饲料弹窗:回答问题去完成_2,6
6-7岁,2,宝宝听-首页:推荐TAB_1,宝宝听-首页:场景_2,6
6-7岁,2,宝宝听-首页:推荐TAB_1,宝宝听-播放器底栏:播放器底栏播放按钮_2,5
6-7岁,2,领饲料弹窗:回答问题去完成_1,最新问题页:问题列表_2,5
6-7岁,2,领饲料弹窗:帮好友喂领取奖励_1,领饲料弹窗:回答问题领取任务_2,5
7岁+,0,记录时光首页:蒙层1我知道了_1,记录时光首页:蒙层2暂不使用_2,70
7岁+,0,领饲料弹窗:浏览广告任务去完成_1,领饲料弹窗:浏览广告任务领取奖励_2,58
7岁+,0,领饲料弹窗:使用指定工具去完成_1,领饲料弹窗:使用指定工具领取奖励_2,51
7岁+,0,home页202008:工具_1,日历首页:日历_2,45
7岁+,0,首页202007:工具_1,首页202007:feeds_2,43
7岁+,0,领饲料弹窗:浏览广告任务领取奖励_1,领饲料弹窗:使用指定工具去完成_2,36
7岁+,0,本地照片选择页:照片选择_1,本地照片选择页:确定按钮_2,36
7岁+,0,首页:好友牧场回家按钮_1,首页:好友按钮_2,34
7岁+,0,首页:新人礼盒子_1,首页:领饲料按钮_2,29
7岁+,0,首页202007:工具_1,首页:新人礼盒子_2,29
7岁+,0,home页202008:工具_1,首页:新人礼盒子_2,27
7岁+,0,首页202007:签到_1,新签到首页-202108:当日红包开心收下_2,27
7岁+,0,领饲料弹窗:回答问题领取任务_1,领饲料弹窗:回答问题去完成_2,25
7岁+,0,首页:领饲料按钮_1,领饲料弹窗:浏览广告任务去完成_2,24
7岁+,0,日历首页:大姨妈来了_1,日历首页:日历_2,23
7岁+,0,首页202007:feeds_1,首页202007:工具_2,23
7岁+,0,领饲料弹窗:使用指定工具领取奖励_1,领饲料弹窗:帮好友喂去完成_2,22
7岁+,0,记录时光首页:记照片入口_1,本地照片选择页:照片选择_2,22
7岁+,0,home页202008:个人中心签到/vip运营位_1,新签到首页-202108:当日红包开心收下_2,21
7岁+,0,领饲料弹窗:回答问题去完成_1,最新问题页:问题列表_2,21
7岁+,1,新签到首页-202108:签到商品feed_1,商品详情页9.5上线版本:整个页面_2,24
7岁+,1,新签到首页-202108:当日红包开心收下_1,新签到首页-202108:签到商品feed_2,19
7岁+,1,本地照片选择页:照片选择_1,本地照片选择页:确定按钮_2,16
7岁+,1,home页202008:个人中心签到/vip运营位_1,新签到首页-202108:任务列表_2,15
7岁+,1,领饲料弹窗:浏览广告任务去完成_1,领饲料弹窗:浏览广告任务领取奖励_2,14
7岁+,1,宝宝听-首页:推荐TAB_1,宝宝听-首页:场景_2,13
7岁+,1,首页202007:feeds_1,广场首页:202004育儿版feeds栏位_2,12
7岁+,1,领饲料弹窗:使用指定工具去完成_1,领饲料弹窗:使用指定工具领取奖励_2,12
7岁+,1,广场首页:202004育儿版头部一级tab_1,广场首页:202004育儿版头部二级tab_2,11
7岁+,1,广场首页:202004育儿版feeds栏位_1,首页202007:feeds_2,10
7岁+,1,广场首页:202004育儿版头部二级tab_1,广场首页:202004育儿版feeds栏位_2,10
7岁+,1,领饲料弹窗:回答问题领取任务_1,领饲料弹窗:回答问题去完成_2,10
7岁+,1,广场首页:202004育儿版头部二级tab_1,广场首页:202004育儿版头部一级tab_2,9
7岁+,1,我的设置:底部按钮_退出登录_1,我的设置:确认退出弹框_确定_2,9
7岁+,1,首页:好友牧场回家按钮_1,首页:好友按钮_2,9
7岁+,1,home页202008:工具_1,首页:新人礼盒子_2,9
7岁+,1,商品详情页9.5上线版本:整个页面_1,home页202008:个人中心签到/vip运营位_2,8
7岁+,1,广场首页:202004育儿版头部一级tab_1,广场首页:202004育儿版feeds栏位_2,8
7岁+,1,首页202007:feeds_1,home页202008:feed_2,8
7岁+,1,记录时光首页:蒙层1我知道了_1,记录时光首页:蒙层2暂不使用_2,8
7岁+,2,首页202007:签到_1,首页202007:feeds_2,21
7岁+,2,首页202007:签到_1,新签到首页-202108:当日红包开心收下_2,21
7岁+,2,领饲料弹窗:浏览广告任务去完成_1,领饲料弹窗:浏览广告任务领取奖励_2,16
7岁+,2,领饲料弹窗:使用指定工具去完成_1,领饲料弹窗:使用指定工具领取奖励_2,13
7岁+,2,领饲料弹窗:浏览广告任务领取奖励_1,领饲料弹窗:使用指定工具去完成_2,10
7岁+,2,首页202007:工具_1,首页:新人礼盒子_2,10
7岁+,2,home页202008:个人中心签到/vip运营位_1,新签到首页-202108:当日红包开心收下_2,9
7岁+,2,首页:新人礼盒子_1,首页:领饲料按钮_2,9
7岁+,2,home页202008:工具_1,首页:新人礼盒子_2,9
7岁+,2,首页:领饲料按钮_1,领饲料弹窗:帮好友喂领取奖励_2,8
7岁+,2,记录时光首页:我的时光券_1,首页202007:签到_2,8
7岁+,2,首页:好友牧场回家按钮_1,首页:好友按钮_2,8
7岁+,2,首页202007:工具_1,首页202007:feeds_2,7
7岁+,2,本地照片选择页:照片选择_1,本地照片选择页:确定按钮_2,7
7岁+,2,首页:好友按钮_1,首页:领饲料按钮_2,6
7岁+,2,home页202008:工具_1,日历首页:大姨妈来了_2,6
7岁+,2,home页202008:工具_1,日历首页:日历_2,6
7岁+,2,新问题详情页:新框架底栏回答按钮_1,添加答案页:发送回复_2,5
7岁+,2,首页:领饲料按钮_1,领饲料弹窗:浏览广告任务去完成_2,5
7岁+,2,新签到首页-202108:当日红包开心收下_1,首页202007:feeds_2,5
备孕期,0,备孕-好孕日报:feeds_1,首页202007:feeds_2,7095
备孕期,0,首页202007:宝妈关爱整体卡片_1,首页202007:feeds_2,6935
备孕期,0,首页202007:其他日_1,首页202007:宝妈关爱整体卡片_2,5213
备孕期,0,首页202007:工具_1,首页202007:feeds_2,4496
备孕期,0,备孕-好孕日报:进入日历按钮_1,备孕-好孕日报:feeds_2,4223
备孕期,0,首页202007:日期_1,首页202007:feeds_2,3949
备孕期,0,首页202007:日期_1,首页202007:宝妈关爱整体卡片_2,3570
备孕期,0,日历首页:日历_1,首页202007:feeds_2,3257
备孕期,0,首页202007:经期日历按钮_1,首页202007:feeds_2,3070
备孕期,0,首页202007:怀孕几率及标题_1,备孕-好孕日报:feeds_2,3037
备孕期,0,备孕-好孕日报:进入日历按钮_1,日历首页:日历_2,2954
备孕期,0,首页202007:经期日历按钮_1,日历首页:日历_2,2771
备孕期,0,首页202007:怀孕几率及标题_1,备孕-好孕日报:进入日历按钮_2,2685
备孕期,0,首页202007:好孕日报按钮_1,备孕-好孕日报:feeds_2,2656
备孕期,0,首页202007:好孕日报按钮_1,备孕-好孕日报:进入日历按钮_2,2454
备孕期,0,首页202007:其他日_1,首页202007:日期_2,2387
备孕期,0,首页202007:怀孕几率及标题_1,首页202007:feeds_2,2227
备孕期,0,首页202007:宝妈关爱整体卡片_1,首页202007:日期_2,2192
备孕期,0,首页202007:feeds_1,日历首页:日历_2,2060
备孕期,0,首页202007:feeds_1,备孕-好孕日报:feeds_2,2044
备孕期,1,备孕-好孕日报:feeds_1,首页202007:feeds_2,498
备孕期,1,首页202007:feeds_1,广场首页:202004育儿版feeds栏位_2,444
备孕期,1,首页202007:宝妈关爱整体卡片_1,首页202007:feeds_2,425
备孕期,1,首页202007:工具_1,首页202007:feeds_2,387
备孕期,1,首页202007:其他日_1,首页202007:宝妈关爱整体卡片_2,370
备孕期,1,广场首页:202004育儿版头部一级tab_1,广场首页:202004育儿版头部二级tab_2,357
备孕期,1,首页202007:好孕日报按钮_1,备孕-好孕日报:feeds_2,317
备孕期,1,首页202007:怀孕几率及标题_1,备孕-好孕日报:feeds_2,250
备孕期,1,首页202007:日期_1,首页202007:宝妈关爱整体卡片_2,247
备孕期,1,新签到首页-202108:签到商品feed_1,商品详情页9.5上线版本:整个页面_2,234
备孕期,1,备孕-好孕日报:进入日历按钮_1,日历首页:日历_2,234
备孕期,1,广场首页:202004育儿版feeds栏位_1,商品详情页9.5上线版本:整个页面_2,218
备孕期,1,备孕-好孕日报:进入日历按钮_1,备孕-好孕日报:feeds_2,217
备孕期,1,新签到首页-202108:当日红包开心收下_1,新签到首页-202108:签到商品feed_2,217
备孕期,1,广场首页:202004育儿版头部二级tab_1,广场首页:202004育儿版feeds栏位_2,210
备孕期,1,首页202007:其他日_1,首页202007:日期_2,205
备孕期,1,新备孕信息填写:月经周期_1,新备孕信息填写:保存_2,203
备孕期,1,广场首页:202004育儿版feeds栏位_1,首页202007:feeds_2,200
备孕期,1,广场首页:202004育儿版头部二级tab_1,广场首页:202004育儿版头部一级tab_2,196
备孕期,1,首页202007:好孕日报按钮_1,备孕-好孕日报:进入日历按钮_2,187
备孕期,2,备孕-好孕日报:feeds_1,首页202007:feeds_2,612
备孕期,2,首页202007:宝妈关爱整体卡片_1,首页202007:feeds_2,602
备孕期,2,首页202007:经期日历按钮_1,首页202007:feeds_2,499
备孕期,2,备孕-好孕日报:进入日历按钮_1,备孕-好孕日报:feeds_2,466
备孕期,2,首页202007:工具_1,首页202007:feeds_2,451
备孕期,2,首页202007:经期日历按钮_1,日历首页:日历_2,433
备孕期,2,日历首页:日历_1,首页202007:feeds_2,408
备孕期,2,首页202007:其他日_1,首页202007:宝妈关爱整体卡片_2,385
备孕期,2,首页202007:日期_1,首页202007:feeds_2,338
备孕期,2,备孕-好孕日报:进入日历按钮_1,日历首页:日历_2,334
备孕期,2,首页202007:怀孕几率及标题_1,备孕-好孕日报:进入日历按钮_2,332
备孕期,2,首页202007:feeds_1,首页202007:经期日历按钮_2,273
备孕期,2,首页202007:feeds_1,日历首页:日历_2,261
备孕期,2,首页202007:好孕日报按钮_1,备孕-好孕日报:进入日历按钮_2,254
备孕期,2,首页202007:怀孕几率及标题_1,首页202007:feeds_2,249
备孕期,2,首页202007:日期_1,首页202007:宝妈关爱整体卡片_2,245
备孕期,2,日历首页:大姨妈来了_1,日历首页:日历_2,238
备孕期,2,首页202007:feeds_1,备孕-好孕日报:进入日历按钮_2,233
备孕期,2,首页202007:怀孕几率及标题_1,备孕-好孕日报:feeds_2,211
备孕期,2,备孕-好孕日报:feeds_1,备孕-好孕日报:进入日历按钮_2,196
婴10月,0,新宝宝妈妈变化-孕育周刊:返回按钮_1,新宝宝妈妈变化-孕育周刊:周刊卡片_2,1524
婴10月,0,首页202007:工具_1,首页202007:feeds_2,1006
婴10月,0,工具-喂养记录(v7.9.4)-首页:喂奶_1,工具-喂养记录(8.36)-喂奶记录页:tab_2,695
婴10月,0,工具-喂养记录(8.36)-喂奶记录页:喂奶时间_1,工具-喂养记录(8.36)-喂奶记录页:选择时间控件确定按钮_2,653
婴10月,0,新宝宝妈妈变化-孕育周刊:周刊卡片_1,首页202007:feeds_2,578
婴10月,0,工具-食谱助手首页:食谱推荐_1,达人文章详情页:整个页面滑动_2,573
婴10月,0,新宝宝妈妈变化-孕育周刊:上传按钮_1,新宝宝妈妈变化-孕育周刊:返回按钮_2,557
婴10月,0,首页202007:feeds_1,首页202007:工具_2,523
婴10月,0,首页202007:宝宝变化_1,新宝宝妈妈变化-孕育周刊:上传按钮_2,492
婴10月,0,宝宝听-首页:推荐TAB_1,宝宝听-首页:场景_2,488
婴10月,0,首页202007:搜索框_1,搜索激活页_全部:搜索激活页（不包括输入搜索词后弹出的联想词列表页）_2,482
婴10月,0,搜索激活页_全部:搜索按钮_1,大搜-搜索结果页:大搜-搜索结果列表_2,466
婴10月,0,搜索激活页_全部:搜索激活页（不包括输入搜索词后弹出的联想词列表页）_1,搜索激活页_全部:搜索按钮_2,458
婴10月,0,领饲料弹窗:浏览广告任务去完成_1,领饲料弹窗:浏览广告任务领取奖励_2,445
婴10月,0,首页202007:工具_1,宝宝听-首页:推荐TAB_2,408
婴10月,0,大搜-搜索结果页:大搜-搜索结果列表_1,达人文章详情页:整个页面滑动_2,389
婴10月,0,首页202007:宝宝变化_1,新宝宝妈妈变化-孕育周刊:返回按钮_2,388
婴10月,0,达人文章详情页:整个页面滑动_1,首页202007:feeds_2,387
婴10月,0,宝宝听-首页:场景_1,宝宝听-专辑 （歌单）详情:歌曲_2,381
婴10月,0,首页202007:宝宝变化_1,新宝宝妈妈变化-孕育周刊:周切换_2,380
婴10月,1,新宝宝妈妈变化-孕育周刊:返回按钮_1,新宝宝妈妈变化-孕育周刊:周刊卡片_2,189
婴10月,1,新签到首页-202108:当日红包开心收下_1,新签到首页-202108:签到商品feed_2,98
婴10月,1,新签到首页-202108:签到商品feed_1,商品详情页9.5上线版本:整个页面_2,97
婴10月,1,领饲料弹窗:浏览广告任务去完成_1,领饲料弹窗:浏览广告任务领取奖励_2,88
婴10月,1,宝宝听-首页:推荐TAB_1,宝宝听-首页:场景_2,83
婴10月,1,首页202007:工具_1,首页202007:feeds_2,67
婴10月,1,新宝宝妈妈变化-孕育周刊:上传按钮_1,新宝宝妈妈变化-孕育周刊:返回按钮_2,66
婴10月,1,工具-食谱助手首页:食谱推荐_1,达人文章详情页:整个页面滑动_2,63
婴10月,1,领饲料弹窗:使用指定工具去完成_1,宝宝听-首页:推荐TAB_2,62
婴10月,1,首页202007:宝宝变化_1,新宝宝妈妈变化-孕育周刊:上传按钮_2,60
婴10月,1,本地照片选择页:照片选择_1,本地照片选择页:确定按钮_2,57
婴10月,1,首页202007:工具_1,首页:新人礼盒子_2,56
婴10月,1,新宝宝妈妈变化-孕育周刊:周刊卡片_1,首页202007:feeds_2,53
婴10月,1,广场首页:202004育儿版头部一级tab_1,广场首页:202004育儿版头部二级tab_2,52
婴10月,1,宝宝听-首页:推荐TAB_1,领饲料弹窗:使用指定工具领取奖励_2,51
婴10月,1,宝宝听-首页:场景_1,宝宝听-专辑 （歌单）详情:歌曲_2,50
婴10月,1,领饲料弹窗:浏览广告任务领取奖励_1,领饲料弹窗:使用指定工具去完成_2,49
婴10月,1,领饲料弹窗:回答问题去完成_1,最新问题页:问题列表_2,48
婴10月,1,达人文章详情页:整个页面滑动_1,首页202007:feeds_2,48
婴10月,1,首页202007:feeds_1,首页202007:工具_2,48
婴10月,2,新宝宝妈妈变化-孕育周刊:返回按钮_1,新宝宝妈妈变化-孕育周刊:周刊卡片_2,934
婴10月,2,首页202007:工具_1,首页202007:feeds_2,572
婴10月,2,工具-喂养记录(v7.9.4)-首页:喂奶_1,工具-喂养记录(8.36)-喂奶记录页:tab_2,437
婴10月,2,工具-喂养记录(8.36)-喂奶记录页:喂奶时间_1,工具-喂养记录(8.36)-喂奶记录页:选择时间控件确定按钮_2,431
婴10月,2,新宝宝妈妈变化-孕育周刊:上传按钮_1,新宝宝妈妈变化-孕育周刊:返回按钮_2,368
婴10月,2,新宝宝妈妈变化-孕育周刊:周刊卡片_1,首页202007:feeds_2,367
婴10月,2,首页202007:搜索框_1,搜索激活页_全部:搜索激活页（不包括输入搜索词后弹出的联想词列表页）_2,362
婴10月,2,首页202007:feeds_1,首页202007:工具_2,359
婴10月,2,搜索激活页_全部:搜索按钮_1,大搜-搜索结果页:大搜-搜索结果列表_2,357
婴10月,2,搜索激活页_全部:搜索激活页（不包括输入搜索词后弹出的联想词列表页）_1,搜索激活页_全部:搜索按钮_2,352
婴10月,2,首页202007:宝宝变化_1,新宝宝妈妈变化-孕育周刊:上传按钮_2,332
婴10月,2,工具-食谱助手首页:食谱推荐_1,达人文章详情页:整个页面滑动_2,315
婴10月,2,宝宝听-首页:推荐TAB_1,宝宝听-首页:场景_2,297
婴10月,2,首页202007:工具_1,宝宝听-首页:推荐TAB_2,279
婴10月,2,大搜-搜索结果页:大搜-搜索结果列表_1,达人文章详情页:整个页面滑动_2,271
婴10月,2,搜索激活页_全部:搜索激活页（不包括输入搜索词后弹出的联想词列表页）_1,搜索激活页_全部:联想词列表_2,271
婴10月,2,工具-喂养记录(8.36)-喂奶记录页:选择时间控件确定按钮_1,工具-喂养记录(8.36)-喂奶记录页:完成按钮_2,263
婴10月,2,首页202007:宝宝变化_1,新宝宝妈妈变化-孕育周刊:返回按钮_2,261
婴10月,2,达人文章详情页:整个页面滑动_1,首页202007:feeds_2,259
婴10月,2,首页202007:宝宝变化_1,新宝宝妈妈变化-孕育周刊:周切换_2,243
婴11月,0,新宝宝妈妈变化-孕育周刊:返回按钮_1,新宝宝妈妈变化-孕育周刊:周刊卡片_2,1307
婴11月,0,首页202007:工具_1,首页202007:feeds_2,849
婴11月,0,工具-喂养记录(v7.9.4)-首页:喂奶_1,工具-喂养记录(8.36)-喂奶记录页:tab_2,589
婴11月,0,工具-喂养记录(8.36)-喂奶记录页:喂奶时间_1,工具-喂养记录(8.36)-喂奶记录页:选择时间控件确定按钮_2,558
婴11月,0,首页202007:feeds_1,首页202007:工具_2,471
婴11月,0,新宝宝妈妈变化-孕育周刊:上传按钮_1,新宝宝妈妈变化-孕育周刊:返回按钮_2,465
婴11月,0,新宝宝妈妈变化-孕育周刊:周刊卡片_1,首页202007:feeds_2,456
婴11月,0,领饲料弹窗:浏览广告任务去完成_1,领饲料弹窗:浏览广告任务领取奖励_2,454
婴11月,0,首页202007:搜索框_1,搜索激活页_全部:搜索激活页（不包括输入搜索词后弹出的联想词列表页）_2,435
婴11月,0,搜索激活页_全部:搜索按钮_1,大搜-搜索结果页:大搜-搜索结果列表_2,422
婴11月,0,首页202007:宝宝变化_1,新宝宝妈妈变化-孕育周刊:上传按钮_2,408
婴11月,0,搜索激活页_全部:搜索激活页（不包括输入搜索词后弹出的联想词列表页）_1,搜索激活页_全部:搜索按钮_2,407
婴11月,0,首页202007:工具_1,宝宝听-首页:推荐TAB_2,393
婴11月,0,宝宝听-首页:推荐TAB_1,宝宝听-首页:场景_2,393
婴11月,0,领饲料弹窗:使用指定工具去完成_1,宝宝听-首页:推荐TAB_2,383
婴11月,0,工具-食谱助手首页:食谱推荐_1,达人文章详情页:整个页面滑动_2,372
婴11月,0,工具-喂养记录(8.36)-喂奶记录页:选择时间控件确定按钮_1,工具-喂养记录(8.36)-喂奶记录页:完成按钮_2,357
婴11月,0,首页202007:工具_1,首页:新人礼盒子_2,353
婴11月,0,宝宝听-首页:推荐TAB_1,领饲料弹窗:使用指定工具领取奖励_2,338
婴11月,0,首页202007:宝宝变化_1,新宝宝妈妈变化-孕育周刊:周切换_2,335
婴11月,1,新宝宝妈妈变化-孕育周刊:返回按钮_1,新宝宝妈妈变化-孕育周刊:周刊卡片_2,166
婴11月,1,新签到首页-202108:签到商品feed_1,商品详情页9.5上线版本:整个页面_2,87
婴11月,1,宝宝听-首页:推荐TAB_1,宝宝听-首页:场景_2,86
婴11月,1,新签到首页-202108:当日红包开心收下_1,新签到首页-202108:签到商品feed_2,85
婴11月,1,领饲料弹窗:浏览广告任务去完成_1,领饲料弹窗:浏览广告任务领取奖励_2,77
婴11月,1,本地照片选择页:照片选择_1,本地照片选择页:确定按钮_2,60
婴11月,1,新宝宝妈妈变化-孕育周刊:上传按钮_1,新宝宝妈妈变化-孕育周刊:返回按钮_2,57
婴11月,1,首页202007:工具_1,首页202007:feeds_2,57
婴11月,1,首页202007:工具_1,首页:新人礼盒子_2,51
婴11月,1,领饲料弹窗:使用指定工具去完成_1,宝宝听-首页:推荐TAB_2,50
婴11月,1,宝宝听-首页:场景_1,宝宝听-专辑 （歌单）详情:歌曲_2,48
婴11月,1,首页202007:宝宝变化_1,新宝宝妈妈变化-孕育周刊:上传按钮_2,46
婴11月,1,新宝宝妈妈变化-孕育周刊:周刊卡片_1,首页202007:feeds_2,46
婴11月,1,领饲料弹窗:浏览广告任务领取奖励_1,领饲料弹窗:使用指定工具去完成_2,45
婴11月,1,领饲料弹窗:回答问题领取任务_1,领饲料弹窗:回答问题去完成_2,43
婴11月,1,宝宝听-首页:推荐TAB_1,领饲料弹窗:使用指定工具领取奖励_2,43
婴11月,1,广场首页:202004育儿版头部一级tab_1,广场首页:202004育儿版头部二级tab_2,42
婴11月,1,本地照片选择页:确定按钮_1,写日记页面:发布按钮_2,41
婴11月,1,首页202007:搜索框_1,搜索激活页_全部:搜索激活页（不包括输入搜索词后弹出的联想词列表页）_2,39
婴11月,1,首页:好友牧场回家按钮_1,首页:好友按钮_2,39
婴11月,2,新宝宝妈妈变化-孕育周刊:返回按钮_1,新宝宝妈妈变化-孕育周刊:周刊卡片_2,749
婴11月,2,首页202007:工具_1,首页202007:feeds_2,448
婴11月,2,工具-喂养记录(v7.9.4)-首页:喂奶_1,工具-喂养记录(8.36)-喂奶记录页:tab_2,367
婴11月,2,工具-喂养记录(8.36)-喂奶记录页:喂奶时间_1,工具-喂养记录(8.36)-喂奶记录页:选择时间控件确定按钮_2,346
婴11月,2,新宝宝妈妈变化-孕育周刊:周刊卡片_1,首页202007:feeds_2,282
婴11月,2,新宝宝妈妈变化-孕育周刊:上传按钮_1,新宝宝妈妈变化-孕育周刊:返回按钮_2,276
婴11月,2,首页202007:搜索框_1,搜索激活页_全部:搜索激活页（不包括输入搜索词后弹出的联想词列表页）_2,276
婴11月,2,搜索激活页_全部:搜索按钮_1,大搜-搜索结果页:大搜-搜索结果列表_2,261
婴11月,2,首页202007:宝宝变化_1,新宝宝妈妈变化-孕育周刊:上传按钮_2,258
婴11月,2,首页202007:feeds_1,首页202007:工具_2,255
婴11月,2,搜索激活页_全部:搜索激活页（不包括输入搜索词后弹出的联想词列表页）_1,搜索激活页_全部:搜索按钮_2,237
婴11月,2,宝宝听-首页:推荐TAB_1,宝宝听-首页:场景_2,234
婴11月,2,搜索激活页_全部:搜索激活页（不包括输入搜索词后弹出的联想词列表页）_1,搜索激活页_全部:联想词列表_2,223
婴11月,2,首页202007:工具_1,宝宝听-首页:推荐TAB_2,214
婴11月,2,工具-食谱助手首页:食谱推荐_1,达人文章详情页:整个页面滑动_2,209
婴11月,2,工具-喂养记录(8.36)-睡眠结果:结束时间_1,工具-喂养记录(8.36)-睡眠结果:结束时间确认_2,208
婴11月,2,大搜-搜索结果页:大搜-搜索结果列表_1,达人文章详情页:整个页面滑动_2,208
婴11月,2,工具-喂养记录(8.36)-喂奶记录页:选择时间控件确定按钮_1,工具-喂养记录(8.36)-喂奶记录页:完成按钮_2,205
婴11月,2,工具-喂养记录(8.36)-喂奶记录页:tab_1,工具-喂养记录(8.36)-喂奶记录页:完成按钮_2,198
婴11月,2,首页202007:宝宝变化_1,新宝宝妈妈变化-孕育周刊:返回按钮_2,196
婴12月,0,新宝宝妈妈变化-孕育周刊:返回按钮_1,新宝宝妈妈变化-孕育周刊:周刊卡片_2,1057
婴12月,0,首页202007:工具_1,首页202007:feeds_2,678
婴12月,0,领饲料弹窗:浏览广告任务去完成_1,领饲料弹窗:浏览广告任务领取奖励_2,458
婴12月,0,工具-喂养记录(v7.9.4)-首页:喂奶_1,工具-喂养记录(8.36)-喂奶记录页:tab_2,425
婴12月,0,工具-喂养记录(8.36)-喂奶记录页:喂奶时间_1,工具-喂养记录(8.36)-喂奶记录页:选择时间控件确定按钮_2,395
婴12月,0,领饲料弹窗:使用指定工具去完成_1,领饲料弹窗:使用指定工具领取奖励_2,384
婴12月,0,新宝宝妈妈变化-孕育周刊:周刊卡片_1,首页202007:feeds_2,373
婴12月,0,首页202007:feeds_1,首页202007:工具_2,367
婴12月,0,新宝宝妈妈变化-孕育周刊:上传按钮_1,新宝宝妈妈变化-孕育周刊:返回按钮_2,356
婴12月,0,宝宝听-首页:推荐TAB_1,宝宝听-首页:场景_2,351
婴12月,0,首页202007:工具_1,首页:新人礼盒子_2,350
婴12月,0,领饲料弹窗:浏览广告任务领取奖励_1,领饲料弹窗:使用指定工具去完成_2,335
婴12月,0,工具-食谱助手首页:食谱推荐_1,达人文章详情页:整个页面滑动_2,333
婴12月,0,首页202007:搜索框_1,搜索激活页_全部:搜索激活页（不包括输入搜索词后弹出的联想词列表页）_2,332
婴12月,0,首页202007:工具_1,宝宝听-首页:推荐TAB_2,320
婴12月,0,搜索激活页_全部:搜索按钮_1,大搜-搜索结果页:大搜-搜索结果列表_2,315
婴12月,0,首页202007:宝宝变化_1,新宝宝妈妈变化-孕育周刊:上传按钮_2,304
婴12月,0,首页202007:宝宝变化_1,新宝宝妈妈变化-孕育周刊:周切换_2,297
婴12月,0,新宝宝妈妈变化-孕育周刊:周切换_1,新宝宝妈妈变化-孕育周刊:返回按钮_2,290
婴12月,0,搜索激活页_全部:搜索激活页（不包括输入搜索词后弹出的联想词列表页）_1,搜索激活页_全部:搜索按钮_2,285
婴12月,1,新宝宝妈妈变化-孕育周刊:返回按钮_1,新宝宝妈妈变化-孕育周刊:周刊卡片_2,121
婴12月,1,领饲料弹窗:浏览广告任务去完成_1,领饲料弹窗:浏览广告任务领取奖励_2,79
婴12月,1,新签到首页-202108:当日红包开心收下_1,新签到首页-202108:签到商品feed_2,71
婴12月,1,宝宝听-首页:推荐TAB_1,宝宝听-首页:场景_2,70
婴12月,1,领饲料弹窗:使用指定工具去完成_1,领饲料弹窗:使用指定工具领取奖励_2,63
婴12月,1,新签到首页-202108:签到商品feed_1,商品详情页9.5上线版本:整个页面_2,62
婴12月,1,领饲料弹窗:浏览广告任务领取奖励_1,领饲料弹窗:使用指定工具去完成_2,52
婴12月,1,首页202007:工具_1,首页:新人礼盒子_2,52
婴12月,1,领饲料弹窗:回答问题领取任务_1,领饲料弹窗:回答问题去完成_2,48
婴12月,1,首页202007:宝宝变化_1,新宝宝妈妈变化-孕育周刊:上传按钮_2,42
婴12月,1,首页202007:工具_1,首页202007:feeds_2,42
婴12月,1,home页202008:个人中心签到/vip运营位_1,新签到首页-202108:任务列表_2,41
婴12月,1,领饲料弹窗:回答问题去完成_1,最新问题页:问题列表_2,41
婴12月,1,新宝宝妈妈变化-孕育周刊:上传按钮_1,新宝宝妈妈变化-孕育周刊:返回按钮_2,40
婴12月,1,达人文章详情页:整个页面滑动_1,首页202007:feeds_2,39
婴12月,1,首页:好友牧场回家按钮_1,首页:好友按钮_2,37
婴12月,1,新宝宝妈妈变化-孕育周刊:周刊卡片_1,首页202007:feeds_2,37
婴12月,1,首页202007:feeds_1,首页202007:工具_2,36
婴12月,1,首页:新人礼盒子_1,首页:领饲料按钮_2,35
婴12月,1,新宝宝妈妈变化-孕育周刊:周切换_1,新宝宝妈妈变化-孕育周刊:返回按钮_2,33
婴12月,2,新宝宝妈妈变化-孕育周刊:返回按钮_1,新宝宝妈妈变化-孕育周刊:周刊卡片_2,514
婴12月,2,首页202007:工具_1,首页202007:feeds_2,384
婴12月,2,工具-喂养记录(v7.9.4)-首页:喂奶_1,工具-喂养记录(8.36)-喂奶记录页:tab_2,292
婴12月,2,工具-喂养记录(8.36)-喂奶记录页:喂奶时间_1,工具-喂养记录(8.36)-喂奶记录页:选择时间控件确定按钮_2,285
婴12月,2,首页202007:feeds_1,首页202007:工具_2,235
婴12月,2,新宝宝妈妈变化-孕育周刊:上传按钮_1,新宝宝妈妈变化-孕育周刊:返回按钮_2,199
婴12月,2,宝宝听-首页:推荐TAB_1,宝宝听-首页:场景_2,198
婴12月,2,首页202007:搜索框_1,搜索激活页_全部:搜索激活页（不包括输入搜索词后弹出的联想词列表页）_2,193
婴12月,2,首页202007:宝宝变化_1,新宝宝妈妈变化-孕育周刊:上传按钮_2,189
婴12月,2,工具-喂养记录(8.36)-喂奶记录页:选择时间控件确定按钮_1,工具-喂养记录(8.36)-喂奶记录页:完成按钮_2,187
婴12月,2,新宝宝妈妈变化-孕育周刊:周刊卡片_1,首页202007:feeds_2,182
婴12月,2,搜索激活页_全部:搜索按钮_1,大搜-搜索结果页:大搜-搜索结果列表_2,181
婴12月,2,首页202007:工具_1,宝宝听-首页:推荐TAB_2,176
婴12月,2,工具-喂养记录(8.36)-睡眠结果:结束时间_1,工具-喂养记录(8.36)-睡眠结果:结束时间确认_2,175
婴12月,2,搜索激活页_全部:搜索激活页（不包括输入搜索词后弹出的联想词列表页）_1,搜索激活页_全部:搜索按钮_2,169
婴12月,2,工具-食谱助手首页:食谱推荐_1,达人文章详情页:整个页面滑动_2,163
婴12月,2,工具-喂养记录(v7.9.4)-换尿布:尿布状态选择_1,工具-喂养记录(v7.9.4)-换尿布:【保存】按钮_2,160
婴12月,2,领饲料弹窗:浏览广告任务去完成_1,领饲料弹窗:浏览广告任务领取奖励_2,157
婴12月,2,工具-喂养记录(8.36)-睡眠结果:开始时间_1,工具-喂养记录(8.36)-睡眠结果:开始时间确认_2,155
婴12月,2,工具-喂养记录(8.36)-喂奶记录页:tab_1,工具-喂养记录(v7.9.4)-首页:喂奶_2,155
婴1月,0,新宝宝妈妈变化-孕育周刊:返回按钮_1,新宝宝妈妈变化-孕育周刊:周刊卡片_2,12510
婴1月,0,首页202007:搜索框_1,搜索激活页_全部:搜索激活页（不包括输入搜索词后弹出的联想词列表页）_2,5204
婴1月,0,首页202007:工具_1,首页202007:feeds_2,4744
婴1月,0,新版能不能吃-搜索页:输入关键词_1,新版能不能吃-搜索结果页:食物卡片_2,4323
婴1月,0,新版能不能吃-首页:搜索框_1,新版能不能吃-搜索页:输入关键词_2,4259
婴1月,0,搜索激活页_全部:搜索激活页（不包括输入搜索词后弹出的联想词列表页）_1,搜索激活页_全部:联想词列表_2,4188
婴1月,0,搜索激活页_全部:搜索按钮_1,大搜-搜索结果页:大搜-搜索结果列表_2,4120
婴1月,0,大搜-搜索结果页:大搜-搜索结果列表_1,达人文章详情页:整个页面滑动_2,3944
婴1月,0,搜索激活页_全部:搜索激活页（不包括输入搜索词后弹出的联想词列表页）_1,搜索激活页_全部:搜索按钮_2,3874
婴1月,0,搜索激活页_全部:联想词列表_1,大搜-搜索结果页:大搜-搜索结果列表_2,3815
婴1月,0,新宝宝妈妈变化-孕育周刊:上传按钮_1,新宝宝妈妈变化-孕育周刊:返回按钮_2,3587
婴1月,0,新宝宝妈妈变化-孕育周刊:周切换_1,新宝宝妈妈变化-孕育周刊:返回按钮_2,3555
婴1月,0,宝宝听-首页:推荐TAB_1,宝宝听-首页:场景_2,3444
婴1月,0,宝宝听-首页:场景_1,宝宝听-专辑 （歌单）详情:歌曲_2,2916
婴1月,0,新宝宝信息填写:出生体重_1,新宝宝信息填写:体重控件确定_2,2914
婴1月,0,首页202007:宝妈关爱整体卡片_1,首页202007:feeds_2,2888
婴1月,0,工具-喂养记录(v7.9.4)-首页:喂奶_1,工具-喂养记录(8.36)-喂奶记录页:tab_2,2887
婴1月,0,新宝宝妈妈变化-孕育周刊:周刊卡片_1,首页202007:feeds_2,2790
婴1月,0,首页202007:工具_1,宝宝听-首页:推荐TAB_2,2768
婴1月,0,首页202007:其他日_1,首页202007:宝妈关爱整体卡片_2,2697
婴1月,1,新宝宝妈妈变化-孕育周刊:返回按钮_1,新宝宝妈妈变化-孕育周刊:周刊卡片_2,1511
婴1月,1,宝宝听-首页:推荐TAB_1,宝宝听-首页:场景_2,508
婴1月,1,新宝宝妈妈变化-孕育周刊:周切换_1,新宝宝妈妈变化-孕育周刊:返回按钮_2,476
婴1月,1,首页202007:搜索框_1,搜索激活页_全部:搜索激活页（不包括输入搜索词后弹出的联想词列表页）_2,470
婴1月,1,首页202007:工具_1,首页202007:feeds_2,454
婴1月,1,记录时光首页:蒙层1我知道了_1,记录时光首页:蒙层2暂不使用_2,432
婴1月,1,新宝宝信息填写:出生体重_1,新宝宝信息填写:体重控件确定_2,426
婴1月,1,本地照片选择页:照片选择_1,本地照片选择页:确定按钮_2,425
婴1月,1,新宝宝妈妈变化-孕育周刊:上传按钮_1,新宝宝妈妈变化-孕育周刊:返回按钮_2,400
婴1月,1,新版能不能吃-搜索页:输入关键词_1,新版能不能吃-搜索结果页:食物卡片_2,384
婴1月,1,工具-喂养记录(v7.9.4)-首页:喂奶_1,工具-喂养记录(8.36)-喂奶记录页:tab_2,381
婴1月,1,新版能不能吃-首页:搜索框_1,新版能不能吃-搜索页:输入关键词_2,380
婴1月,1,广场首页:202004育儿版头部一级tab_1,广场首页:202004育儿版头部二级tab_2,367
婴1月,1,搜索激活页_全部:搜索按钮_1,大搜-搜索结果页:大搜-搜索结果列表_2,352
婴1月,1,大搜-搜索结果页:大搜-搜索结果列表_1,达人文章详情页:整个页面滑动_2,347
婴1月,1,宝宝听-首页:场景_1,宝宝听-专辑 （歌单）详情:歌曲_2,332
婴1月,1,新宝宝信息填写:独生子女_1,新宝宝信息填写:独生子女确定_2,330
婴1月,1,新宝宝信息填写:出生身高_1,新宝宝信息填写:身高控件确定_2,328
婴1月,1,工具-喂养记录(8.36)-喂奶记录页:喂奶时间_1,工具-喂养记录(8.36)-喂奶记录页:选择时间控件确定按钮_2,310
婴1月,1,搜索激活页_全部:搜索激活页（不包括输入搜索词后弹出的联想词列表页）_1,搜索激活页_全部:搜索按钮_2,307
婴1月,2,新宝宝妈妈变化-孕育周刊:返回按钮_1,新宝宝妈妈变化-孕育周刊:周刊卡片_2,2431
婴1月,2,首页202007:工具_1,首页202007:feeds_2,1011
婴1月,2,首页202007:搜索框_1,搜索激活页_全部:搜索激活页（不包括输入搜索词后弹出的联想词列表页）_2,985
婴1月,2,新版能不能吃-搜索页:输入关键词_1,新版能不能吃-搜索结果页:食物卡片_2,982
婴1月,2,新版能不能吃-首页:搜索框_1,新版能不能吃-搜索页:输入关键词_2,935
婴1月,2,搜索激活页_全部:搜索激活页（不包括输入搜索词后弹出的联想词列表页）_1,搜索激活页_全部:搜索按钮_2,879
婴1月,2,搜索激活页_全部:搜索按钮_1,大搜-搜索结果页:大搜-搜索结果列表_2,849
婴1月,2,搜索激活页_全部:搜索激活页（不包括输入搜索词后弹出的联想词列表页）_1,搜索激活页_全部:联想词列表_2,842
婴1月,2,新宝宝妈妈变化-孕育周刊:周切换_1,新宝宝妈妈变化-孕育周刊:返回按钮_2,808
婴1月,2,搜索激活页_全部:联想词列表_1,大搜-搜索结果页:大搜-搜索结果列表_2,784
婴1月,2,大搜-搜索结果页:大搜-搜索结果列表_1,达人文章详情页:整个页面滑动_2,744
婴1月,2,新宝宝妈妈变化-孕育周刊:上传按钮_1,新宝宝妈妈变化-孕育周刊:返回按钮_2,684
婴1月,2,宝宝听-首页:推荐TAB_1,宝宝听-首页:场景_2,640
婴1月,2,工具-喂养记录(v7.9.4)-首页:喂奶_1,工具-喂养记录(8.36)-喂奶记录页:tab_2,622
婴1月,2,首页202007:宝妈关爱整体卡片_1,首页202007:feeds_2,620
婴1月,2,新宝宝妈妈变化-孕育周刊:周刊卡片_1,首页202007:feeds_2,586
婴1月,2,首页202007:搜索框_1,首页202007:feeds_2,571
婴1月,2,新宝宝信息填写:出生体重_1,新宝宝信息填写:体重控件确定_2,566
婴1月,2,首页202007:工具_1,新版能不能吃-首页:搜索框_2,552
婴1月,2,首页202007:搜索框_1,大搜-搜索结果页:顶部tab_2,524
婴2月,0,新宝宝妈妈变化-孕育周刊:返回按钮_1,新宝宝妈妈变化-孕育周刊:周刊卡片_2,8825
婴2月,0,工具-喂养记录(8.36)-喂奶记录页:喂奶时间_1,工具-喂养记录(8.36)-喂奶记录页:选择时间控件确定按钮_2,3936
婴2月,0,工具-喂养记录(v7.9.4)-首页:喂奶_1,工具-喂养记录(8.36)-喂奶记录页:tab_2,3698
婴2月,0,宝宝听-首页:推荐TAB_1,宝宝听-首页:场景_2,3375
婴2月,0,首页202007:搜索框_1,搜索激活页_全部:搜索激活页（不包括输入搜索词后弹出的联想词列表页）_2,3365
婴2月,0,首页202007:工具_1,首页202007:feeds_2,3034
婴2月,0,首页202007:工具_1,宝宝听-首页:推荐TAB_2,2998
婴2月,0,宝宝听-首页:场景_1,宝宝听-专辑 （歌单）详情:歌曲_2,2768
婴2月,0,新宝宝妈妈变化-孕育周刊:上传按钮_1,新宝宝妈妈变化-孕育周刊:返回按钮_2,2730
婴2月,0,搜索激活页_全部:搜索激活页（不包括输入搜索词后弹出的联想词列表页）_1,搜索激活页_全部:联想词列表_2,2605
婴2月,0,搜索激活页_全部:搜索按钮_1,大搜-搜索结果页:大搜-搜索结果列表_2,2566
婴2月,0,大搜-搜索结果页:大搜-搜索结果列表_1,达人文章详情页:整个页面滑动_2,2542
婴2月,0,工具-喂养记录(8.36)-喂奶记录页:完成按钮_1,工具-喂养记录(8.36)-喂奶记录页:结束计时按钮_2,2532
婴2月,0,新宝宝妈妈变化-孕育周刊:周切换_1,新宝宝妈妈变化-孕育周刊:返回按钮_2,2506
婴2月,0,搜索激活页_全部:搜索激活页（不包括输入搜索词后弹出的联想词列表页）_1,搜索激活页_全部:搜索按钮_2,2471
婴2月,0,工具-喂养记录(8.36)-亲喂结果页:结束时间_1,工具-喂养记录(8.36)-亲喂结果页:结束时间确认_2,2375
婴2月,0,搜索激活页_全部:联想词列表_1,大搜-搜索结果页:大搜-搜索结果列表_2,2349
婴2月,0,新版能不能吃-搜索页:输入关键词_1,新版能不能吃-搜索结果页:食物卡片_2,2274
婴2月,0,新版能不能吃-首页:搜索框_1,新版能不能吃-搜索页:输入关键词_2,2233
婴2月,0,工具-喂养记录(8.36)-亲喂结果页:开始时间_1,工具-喂养记录(8.36)-亲喂结果页:开始时间确认_2,2206
婴2月,1,新宝宝妈妈变化-孕育周刊:返回按钮_1,新宝宝妈妈变化-孕育周刊:周刊卡片_2,768
婴2月,1,宝宝听-首页:推荐TAB_1,宝宝听-首页:场景_2,391
婴2月,1,工具-喂养记录(8.36)-喂奶记录页:喂奶时间_1,工具-喂养记录(8.36)-喂奶记录页:选择时间控件确定按钮_2,336
婴2月,1,新签到首页-202108:当日红包开心收下_1,新签到首页-202108:签到商品feed_2,291
婴2月,1,新签到首页-202108:签到商品feed_1,商品详情页9.5上线版本:整个页面_2,283
婴2月,1,工具-喂养记录(v7.9.4)-首页:喂奶_1,工具-喂养记录(8.36)-喂奶记录页:tab_2,281
婴2月,1,本地照片选择页:照片选择_1,本地照片选择页:确定按钮_2,246
婴2月,1,宝宝听-首页:场景_1,宝宝听-专辑 （歌单）详情:歌曲_2,239
婴2月,1,新宝宝妈妈变化-孕育周刊:周切换_1,新宝宝妈妈变化-孕育周刊:返回按钮_2,220
婴2月,1,新宝宝妈妈变化-孕育周刊:上传按钮_1,新宝宝妈妈变化-孕育周刊:返回按钮_2,220
婴2月,1,首页202007:搜索框_1,搜索激活页_全部:搜索激活页（不包括输入搜索词后弹出的联想词列表页）_2,219
婴2月,1,新版能不能吃-搜索页:输入关键词_1,新版能不能吃-搜索结果页:食物卡片_2,215
婴2月,1,新版能不能吃-首页:搜索框_1,新版能不能吃-搜索页:输入关键词_2,208
婴2月,1,工具-喂养记录(8.36)-亲喂结果页:结束时间_1,工具-喂养记录(8.36)-亲喂结果页:结束时间确认_2,207
婴2月,1,大搜-搜索结果页:大搜-搜索结果列表_1,达人文章详情页:整个页面滑动_2,196
婴2月,1,工具-喂养记录(8.36)-喂奶记录页:完成按钮_1,工具-喂养记录(8.36)-喂奶记录页:结束计时按钮_2,196
婴2月,1,工具-喂养记录(8.36)-亲喂结果页:开始时间_1,工具-喂养记录(8.36)-亲喂结果页:开始时间确认_2,194
婴2月,1,首页202007:工具_1,宝宝听-首页:推荐TAB_2,193
婴2月,1,首页202007:宝宝变化_1,新宝宝妈妈变化-孕育周刊:上传按钮_2,188
婴2月,1,工具-喂养记录(8.36)-喂奶记录页:选择时间控件确定按钮_1,工具-喂养记录(8.36)-喂奶记录页:完成按钮_2,186
婴2月,2,新宝宝妈妈变化-孕育周刊:返回按钮_1,新宝宝妈妈变化-孕育周刊:周刊卡片_2,2154
婴2月,2,首页202007:工具_1,首页202007:feeds_2,876
婴2月,2,工具-喂养记录(v7.9.4)-首页:喂奶_1,工具-喂养记录(8.36)-喂奶记录页:tab_2,852
婴2月,2,工具-喂养记录(8.36)-喂奶记录页:喂奶时间_1,工具-喂养记录(8.36)-喂奶记录页:选择时间控件确定按钮_2,851
婴2月,2,宝宝听-首页:推荐TAB_1,宝宝听-首页:场景_2,769
婴2月,2,新宝宝妈妈变化-孕育周刊:上传按钮_1,新宝宝妈妈变化-孕育周刊:返回按钮_2,715
婴2月,2,新版能不能吃-搜索页:输入关键词_1,新版能不能吃-搜索结果页:食物卡片_2,707
婴2月,2,首页202007:搜索框_1,搜索激活页_全部:搜索激活页（不包括输入搜索词后弹出的联想词列表页）_2,688
婴2月,2,新版能不能吃-首页:搜索框_1,新版能不能吃-搜索页:输入关键词_2,666
婴2月,2,首页202007:工具_1,宝宝听-首页:推荐TAB_2,657
婴2月,2,搜索激活页_全部:搜索激活页（不包括输入搜索词后弹出的联想词列表页）_1,搜索激活页_全部:搜索按钮_2,643
婴2月,2,新宝宝妈妈变化-孕育周刊:周切换_1,新宝宝妈妈变化-孕育周刊:返回按钮_2,631
婴2月,2,宝宝听-首页:场景_1,宝宝听-专辑 （歌单）详情:歌曲_2,617
婴2月,2,搜索激活页_全部:搜索按钮_1,大搜-搜索结果页:大搜-搜索结果列表_2,610
婴2月,2,搜索激活页_全部:搜索激活页（不包括输入搜索词后弹出的联想词列表页）_1,搜索激活页_全部:联想词列表_2,603
婴2月,2,搜索激活页_全部:联想词列表_1,大搜-搜索结果页:大搜-搜索结果列表_2,574
婴2月,2,工具-喂养记录(8.36)-喂奶记录页:完成按钮_1,工具-喂养记录(8.36)-喂奶记录页:结束计时按钮_2,572
婴2月,2,工具-喂养记录(8.36)-亲喂结果页:结束时间_1,工具-喂养记录(8.36)-亲喂结果页:结束时间确认_2,570
婴2月,2,首页202007:宝宝变化_1,新宝宝妈妈变化-孕育周刊:周切换_2,524
婴2月,2,新宝宝妈妈变化-孕育周刊:周刊卡片_1,首页202007:feeds_2,522
婴3月,0,新宝宝妈妈变化-孕育周刊:返回按钮_1,新宝宝妈妈变化-孕育周刊:周刊卡片_2,6592
婴3月,0,工具-喂养记录(8.36)-喂奶记录页:喂奶时间_1,工具-喂养记录(8.36)-喂奶记录页:选择时间控件确定按钮_2,3221
婴3月,0,工具-喂养记录(v7.9.4)-首页:喂奶_1,工具-喂养记录(8.36)-喂奶记录页:tab_2,2980
婴3月,0,宝宝听-首页:推荐TAB_1,宝宝听-首页:场景_2,2466
婴3月,0,首页202007:工具_1,首页202007:feeds_2,2286
婴3月,0,首页202007:工具_1,宝宝听-首页:推荐TAB_2,2260
婴3月,0,工具-喂养记录(8.36)-喂奶记录页:完成按钮_1,工具-喂养记录(8.36)-喂奶记录页:结束计时按钮_2,2231
婴3月,0,新宝宝妈妈变化-孕育周刊:上传按钮_1,新宝宝妈妈变化-孕育周刊:返回按钮_2,2023
婴3月,0,宝宝听-首页:场景_1,宝宝听-专辑 （歌单）详情:歌曲_2,1938
婴3月,0,新宝宝妈妈变化-孕育周刊:周切换_1,新宝宝妈妈变化-孕育周刊:返回按钮_2,1934
婴3月,0,首页202007:搜索框_1,搜索激活页_全部:搜索激活页（不包括输入搜索词后弹出的联想词列表页）_2,1927
婴3月,0,工具-喂养记录(8.36)-喂奶记录页:选择时间控件确定按钮_1,工具-喂养记录(8.36)-喂奶记录页:完成按钮_2,1827
婴3月,0,首页202007:宝宝变化_1,新宝宝妈妈变化-孕育周刊:周切换_2,1811
婴3月,0,首页202007:宝宝变化_1,新宝宝妈妈变化-孕育周刊:上传按钮_2,1802
婴3月,0,工具-喂养记录(8.36)-亲喂结果页:结束时间_1,工具-喂养记录(8.36)-亲喂结果页:结束时间确认_2,1770
婴3月,0,工具-喂养记录(8.36)-亲喂结果页:开始时间_1,工具-喂养记录(8.36)-亲喂结果页:开始时间确认_2,1608
婴3月,0,首页202007:宝宝变化_1,新宝宝妈妈变化-孕育周刊:返回按钮_2,1587
婴3月,0,搜索激活页_全部:搜索按钮_1,大搜-搜索结果页:大搜-搜索结果列表_2,1581
婴3月,0,新宝宝妈妈变化-孕育周刊:周刊卡片_1,首页202007:feeds_2,1506
婴3月,0,搜索激活页_全部:搜索激活页（不包括输入搜索词后弹出的联想词列表页）_1,搜索激活页_全部:搜索按钮_2,1495
婴3月,1,新宝宝妈妈变化-孕育周刊:返回按钮_1,新宝宝妈妈变化-孕育周刊:周刊卡片_2,582
婴3月,1,宝宝听-首页:推荐TAB_1,宝宝听-首页:场景_2,294
婴3月,1,新签到首页-202108:签到商品feed_1,商品详情页9.5上线版本:整个页面_2,238
婴3月,1,新签到首页-202108:当日红包开心收下_1,新签到首页-202108:签到商品feed_2,233
婴3月,1,工具-喂养记录(8.36)-喂奶记录页:喂奶时间_1,工具-喂养记录(8.36)-喂奶记录页:选择时间控件确定按钮_2,231
婴3月,1,本地照片选择页:照片选择_1,本地照片选择页:确定按钮_2,207
婴3月,1,新宝宝妈妈变化-孕育周刊:上传按钮_1,新宝宝妈妈变化-孕育周刊:返回按钮_2,179
婴3月,1,宝宝听-首页:场景_1,宝宝听-专辑 （歌单）详情:歌曲_2,170
婴3月,1,工具-喂养记录(v7.9.4)-首页:喂奶_1,工具-喂养记录(8.36)-喂奶记录页:tab_2,165
婴3月,1,新宝宝妈妈变化-孕育周刊:周切换_1,新宝宝妈妈变化-孕育周刊:返回按钮_2,147
婴3月,1,新版能不能吃-搜索页:输入关键词_1,新版能不能吃-搜索结果页:食物卡片_2,142
婴3月,1,首页202007:搜索框_1,搜索激活页_全部:搜索激活页（不包括输入搜索词后弹出的联想词列表页）_2,140
婴3月,1,工具-喂养记录(8.36)-亲喂结果页:结束时间_1,工具-喂养记录(8.36)-亲喂结果页:结束时间确认_2,139
婴3月,1,新版能不能吃-首页:搜索框_1,新版能不能吃-搜索页:输入关键词_2,136
婴3月,1,工具-喂养记录(8.36)-喂奶记录页:完成按钮_1,工具-喂养记录(8.36)-喂奶记录页:结束计时按钮_2,136
婴3月,1,首页202007:宝宝变化_1,新宝宝妈妈变化-孕育周刊:返回按钮_2,128
婴3月,1,首页202007:宝宝变化_1,新宝宝妈妈变化-孕育周刊:上传按钮_2,128
婴3月,1,宝宝听-播放页:播放时长_1,宝宝听-播放页:播放按钮_2,127
婴3月,1,工具-喂养记录(8.36)-喂奶记录页:选择时间控件确定按钮_1,工具-喂养记录(8.36)-喂奶记录页:完成按钮_2,127
婴3月,1,工具-喂养记录(8.36)-亲喂结果页:开始时间_1,工具-喂养记录(8.36)-亲喂结果页:开始时间确认_2,124
婴3月,2,新宝宝妈妈变化-孕育周刊:返回按钮_1,新宝宝妈妈变化-孕育周刊:周刊卡片_2,2003
婴3月,2,工具-喂养记录(v7.9.4)-首页:喂奶_1,工具-喂养记录(8.36)-喂奶记录页:tab_2,819
婴3月,2,工具-喂养记录(8.36)-喂奶记录页:喂奶时间_1,工具-喂养记录(8.36)-喂奶记录页:选择时间控件确定按钮_2,781
婴3月,2,首页202007:工具_1,首页202007:feeds_2,737
婴3月,2,首页202007:宝宝变化_1,新宝宝妈妈变化-孕育周刊:周切换_2,666
婴3月,2,新宝宝妈妈变化-孕育周刊:上传按钮_1,新宝宝妈妈变化-孕育周刊:返回按钮_2,627
婴3月,2,新宝宝妈妈变化-孕育周刊:周切换_1,新宝宝妈妈变化-孕育周刊:返回按钮_2,605
婴3月,2,宝宝听-首页:推荐TAB_1,宝宝听-首页:场景_2,601
婴3月,2,工具-喂养记录(8.36)-喂奶记录页:完成按钮_1,工具-喂养记录(8.36)-喂奶记录页:结束计时按钮_2,582
婴3月,2,新宝宝妈妈变化-孕育周刊:周刊卡片_1,首页202007:feeds_2,559
婴3月,2,首页202007:工具_1,宝宝听-首页:推荐TAB_2,538
婴3月,2,首页202007:宝宝变化_1,新宝宝妈妈变化-孕育周刊:上传按钮_2,537
婴3月,2,首页202007:搜索框_1,搜索激活页_全部:搜索激活页（不包括输入搜索词后弹出的联想词列表页）_2,535
婴3月,2,宝宝听-首页:场景_1,宝宝听-专辑 （歌单）详情:歌曲_2,486
婴3月,2,搜索激活页_全部:搜索激活页（不包括输入搜索词后弹出的联想词列表页）_1,搜索激活页_全部:联想词列表_2,477
婴3月,2,工具-喂养记录(8.36)-喂奶记录页:选择时间控件确定按钮_1,工具-喂养记录(8.36)-喂奶记录页:完成按钮_2,473
婴3月,2,工具-喂养记录(8.36)-亲喂结果页:结束时间_1,工具-喂养记录(8.36)-亲喂结果页:结束时间确认_2,470
婴3月,2,新宝宝妈妈变化-孕育周刊:上传按钮_1,新宝宝妈妈变化-孕育周刊:周刊卡片_2,457
婴3月,2,搜索激活页_全部:搜索激活页（不包括输入搜索词后弹出的联想词列表页）_1,搜索激活页_全部:搜索按钮_2,457
婴3月,2,搜索激活页_全部:搜索按钮_1,大搜-搜索结果页:大搜-搜索结果列表_2,442
婴4月,0,新宝宝妈妈变化-孕育周刊:返回按钮_1,新宝宝妈妈变化-孕育周刊:周刊卡片_2,5112
婴4月,0,工具-喂养记录(8.36)-喂奶记录页:喂奶时间_1,工具-喂养记录(8.36)-喂奶记录页:选择时间控件确定按钮_2,2604
婴4月,0,工具-喂养记录(v7.9.4)-首页:喂奶_1,工具-喂养记录(8.36)-喂奶记录页:tab_2,2448
婴4月,0,首页202007:工具_1,首页202007:feeds_2,1864
婴4月,0,宝宝听-首页:推荐TAB_1,宝宝听-首页:场景_2,1846
婴4月,0,工具-喂养记录(8.36)-喂奶记录页:完成按钮_1,工具-喂养记录(8.36)-喂奶记录页:结束计时按钮_2,1841
婴4月,0,新宝宝妈妈变化-孕育周刊:上传按钮_1,新宝宝妈妈变化-孕育周刊:返回按钮_2,1763
婴4月,0,首页202007:工具_1,宝宝听-首页:推荐TAB_2,1712
婴4月,0,工具-喂养记录(8.36)-喂奶记录页:选择时间控件确定按钮_1,工具-喂养记录(8.36)-喂奶记录页:完成按钮_2,1489
婴4月,0,宝宝听-首页:场景_1,宝宝听-专辑 （歌单）详情:歌曲_2,1465
婴4月,0,首页202007:宝宝变化_1,新宝宝妈妈变化-孕育周刊:上传按钮_2,1463
婴4月,0,首页202007:搜索框_1,搜索激活页_全部:搜索激活页（不包括输入搜索词后弹出的联想词列表页）_2,1413
婴4月,0,首页202007:宝宝变化_1,新宝宝妈妈变化-孕育周刊:周切换_2,1363
婴4月,0,新宝宝妈妈变化-孕育周刊:周切换_1,新宝宝妈妈变化-孕育周刊:返回按钮_2,1337
婴4月,0,工具-喂养记录(8.36)-亲喂结果页:结束时间_1,工具-喂养记录(8.36)-亲喂结果页:结束时间确认_2,1286
婴4月,0,工具-喂养记录(8.36)-喂奶记录页:tab_1,工具-喂养记录(8.36)-喂奶记录页:完成按钮_2,1240
婴4月,0,新宝宝妈妈变化-孕育周刊:周刊卡片_1,首页202007:feeds_2,1208
婴4月,0,首页202007:宝宝变化_1,新宝宝妈妈变化-孕育周刊:返回按钮_2,1203
婴4月,0,工具-喂养记录(8.36)-亲喂结果页:开始时间_1,工具-喂养记录(8.36)-亲喂结果页:开始时间确认_2,1172
婴4月,0,新宝宝妈妈变化-孕育周刊:上传按钮_1,新宝宝妈妈变化-孕育周刊:周刊卡片_2,1143
婴4月,1,新宝宝妈妈变化-孕育周刊:返回按钮_1,新宝宝妈妈变化-孕育周刊:周刊卡片_2,470
婴4月,1,宝宝听-首页:推荐TAB_1,宝宝听-首页:场景_2,249
婴4月,1,新签到首页-202108:当日红包开心收下_1,新签到首页-202108:签到商品feed_2,227
婴4月,1,新签到首页-202108:签到商品feed_1,商品详情页9.5上线版本:整个页面_2,219
婴4月,1,本地照片选择页:照片选择_1,本地照片选择页:确定按钮_2,182
婴4月,1,新宝宝妈妈变化-孕育周刊:上传按钮_1,新宝宝妈妈变化-孕育周刊:返回按钮_2,159
婴4月,1,工具-喂养记录(8.36)-喂奶记录页:喂奶时间_1,工具-喂养记录(8.36)-喂奶记录页:选择时间控件确定按钮_2,159
婴4月,1,宝宝听-首页:场景_1,宝宝听-专辑 （歌单）详情:歌曲_2,137
婴4月,1,工具-喂养记录(v7.9.4)-首页:喂奶_1,工具-喂养记录(8.36)-喂奶记录页:tab_2,136
婴4月,1,首页202007:宝宝变化_1,新宝宝妈妈变化-孕育周刊:上传按钮_2,129
婴4月,1,新宝宝妈妈变化-孕育周刊:周切换_1,新宝宝妈妈变化-孕育周刊:返回按钮_2,122
婴4月,1,首页202007:宝宝变化_1,新宝宝妈妈变化-孕育周刊:周切换_2,113
婴4月,1,首页202007:工具_1,首页202007:feeds_2,112
婴4月,1,home页202008:个人中心签到/vip运营位_1,新签到首页-202108:任务列表_2,111
婴4月,1,新版能不能吃-搜索页:输入关键词_1,新版能不能吃-搜索结果页:食物卡片_2,107
婴4月,1,新版能不能吃-首页:搜索框_1,新版能不能吃-搜索页:输入关键词_2,105
婴4月,1,广场首页:202004育儿版头部一级tab_1,广场首页:202004育儿版头部二级tab_2,103
婴4月,1,首页202007:宝宝变化_1,新宝宝妈妈变化-孕育周刊:返回按钮_2,103
婴4月,1,本地照片选择页:确定按钮_1,写日记页面:发布按钮_2,101
婴4月,1,首页202007:搜索框_1,搜索激活页_全部:搜索激活页（不包括输入搜索词后弹出的联想词列表页）_2,98
婴4月,2,新宝宝妈妈变化-孕育周刊:返回按钮_1,新宝宝妈妈变化-孕育周刊:周刊卡片_2,1939
婴4月,2,工具-喂养记录(8.36)-喂奶记录页:喂奶时间_1,工具-喂养记录(8.36)-喂奶记录页:选择时间控件确定按钮_2,728
婴4月,2,首页202007:工具_1,首页202007:feeds_2,723
婴4月,2,工具-喂养记录(v7.9.4)-首页:喂奶_1,工具-喂养记录(8.36)-喂奶记录页:tab_2,706
婴4月,2,新宝宝妈妈变化-孕育周刊:上传按钮_1,新宝宝妈妈变化-孕育周刊:返回按钮_2,680
婴4月,2,宝宝听-首页:推荐TAB_1,宝宝听-首页:场景_2,602
婴4月,2,首页202007:宝宝变化_1,新宝宝妈妈变化-孕育周刊:上传按钮_2,591
婴4月,2,首页202007:宝宝变化_1,新宝宝妈妈变化-孕育周刊:周切换_2,585
婴4月,2,新宝宝妈妈变化-孕育周刊:周刊卡片_1,首页202007:feeds_2,549
婴4月,2,首页202007:工具_1,宝宝听-首页:推荐TAB_2,548
婴4月,2,新宝宝妈妈变化-孕育周刊:周切换_1,新宝宝妈妈变化-孕育周刊:返回按钮_2,539
婴4月,2,新宝宝妈妈变化-孕育周刊:上传按钮_1,新宝宝妈妈变化-孕育周刊:周刊卡片_2,498
婴4月,2,首页202007:搜索框_1,搜索激活页_全部:搜索激活页（不包括输入搜索词后弹出的联想词列表页）_2,496
婴4月,2,工具-喂养记录(8.36)-喂奶记录页:完成按钮_1,工具-喂养记录(8.36)-喂奶记录页:结束计时按钮_2,486
婴4月,2,宝宝听-首页:场景_1,宝宝听-专辑 （歌单）详情:歌曲_2,471
婴4月,2,搜索激活页_全部:搜索激活页（不包括输入搜索词后弹出的联想词列表页）_1,搜索激活页_全部:搜索按钮_2,457
婴4月,2,搜索激活页_全部:搜索激活页（不包括输入搜索词后弹出的联想词列表页）_1,搜索激活页_全部:联想词列表_2,451
婴4月,2,首页202007:宝宝变化_1,新宝宝妈妈变化-孕育周刊:返回按钮_2,428
婴4月,2,搜索激活页_全部:搜索按钮_1,大搜-搜索结果页:大搜-搜索结果列表_2,417
婴4月,2,工具-喂养记录(8.36)-喂奶记录页:选择时间控件确定按钮_1,工具-喂养记录(8.36)-喂奶记录页:完成按钮_2,412
婴5月,0,新宝宝妈妈变化-孕育周刊:返回按钮_1,新宝宝妈妈变化-孕育周刊:周刊卡片_2,4704
婴5月,0,工具-喂养记录(8.36)-喂奶记录页:喂奶时间_1,工具-喂养记录(8.36)-喂奶记录页:选择时间控件确定按钮_2,2306
婴5月,0,工具-喂养记录(v7.9.4)-首页:喂奶_1,工具-喂养记录(8.36)-喂奶记录页:tab_2,2080
婴5月,0,新宝宝妈妈变化-孕育周刊:上传按钮_1,新宝宝妈妈变化-孕育周刊:返回按钮_2,1780
婴5月,0,首页202007:工具_1,首页202007:feeds_2,1670
婴5月,0,首页202007:宝宝变化_1,新宝宝妈妈变化-孕育周刊:上传按钮_2,1563
婴5月,0,宝宝听-首页:推荐TAB_1,宝宝听-首页:场景_2,1510
婴5月,0,工具-喂养记录(8.36)-喂奶记录页:完成按钮_1,工具-喂养记录(8.36)-喂奶记录页:结束计时按钮_2,1448
婴5月,0,首页202007:工具_1,宝宝听-首页:推荐TAB_2,1430
婴5月,0,工具-喂养记录(8.36)-喂奶记录页:选择时间控件确定按钮_1,工具-喂养记录(8.36)-喂奶记录页:完成按钮_2,1319
婴5月,0,宝宝听-首页:场景_1,宝宝听-专辑 （歌单）详情:歌曲_2,1223
婴5月,0,首页202007:搜索框_1,搜索激活页_全部:搜索激活页（不包括输入搜索词后弹出的联想词列表页）_2,1192
婴5月,0,首页202007:宝宝变化_1,新宝宝妈妈变化-孕育周刊:周切换_2,1166
婴5月,0,新宝宝妈妈变化-孕育周刊:周刊卡片_1,首页202007:feeds_2,1162
婴5月,0,新宝宝妈妈变化-孕育周刊:上传按钮_1,新宝宝妈妈变化-孕育周刊:周刊卡片_2,1111
婴5月,0,新宝宝妈妈变化-孕育周刊:周切换_1,新宝宝妈妈变化-孕育周刊:返回按钮_2,1095
婴5月,0,首页202007:宝宝变化_1,新宝宝妈妈变化-孕育周刊:返回按钮_2,1088
婴5月,0,工具-喂养记录(8.36)-喂奶记录页:tab_1,工具-喂养记录(8.36)-喂奶记录页:完成按钮_2,1077
婴5月,0,工具-喂养记录(8.36)-睡眠结果:开始时间_1,工具-喂养记录(8.36)-睡眠结果:开始时间确认_2,1012
婴5月,0,工具-喂养记录(8.36)-睡眠结果:结束时间_1,工具-喂养记录(8.36)-睡眠结果:结束时间确认_2,1009
婴5月,1,新宝宝妈妈变化-孕育周刊:返回按钮_1,新宝宝妈妈变化-孕育周刊:周刊卡片_2,525
婴5月,1,新签到首页-202108:签到商品feed_1,商品详情页9.5上线版本:整个页面_2,246
婴5月,1,新签到首页-202108:当日红包开心收下_1,新签到首页-202108:签到商品feed_2,237
婴5月,1,宝宝听-首页:推荐TAB_1,宝宝听-首页:场景_2,221
婴5月,1,首页202007:宝宝变化_1,新宝宝妈妈变化-孕育周刊:上传按钮_2,195
婴5月,1,本地照片选择页:照片选择_1,本地照片选择页:确定按钮_2,194
婴5月,1,新宝宝妈妈变化-孕育周刊:上传按钮_1,新宝宝妈妈变化-孕育周刊:返回按钮_2,177
婴5月,1,新宝宝妈妈变化-孕育周刊:周切换_1,新宝宝妈妈变化-孕育周刊:返回按钮_2,141
婴5月,1,工具-喂养记录(8.36)-喂奶记录页:喂奶时间_1,工具-喂养记录(8.36)-喂奶记录页:选择时间控件确定按钮_2,128
婴5月,1,领饲料弹窗:浏览广告任务去完成_1,领饲料弹窗:浏览广告任务领取奖励_2,128
婴5月,1,宝宝听-首页:场景_1,宝宝听-专辑 （歌单）详情:歌曲_2,125
婴5月,1,home页202008:个人中心签到/vip运营位_1,新签到首页-202108:任务列表_2,124
婴5月,1,新宝宝妈妈变化-孕育周刊:上传按钮_1,新宝宝妈妈变化-孕育周刊:周刊卡片_2,109
婴5月,1,本地照片选择页:确定按钮_1,写日记页面:发布按钮_2,108
婴5月,1,记录时光首页:记照片入口_1,本地照片选择页:照片选择_2,102
婴5月,1,工具-喂养记录(v7.9.4)-首页:喂奶_1,工具-喂养记录(8.36)-喂奶记录页:tab_2,102
婴5月,1,首页202007:宝宝变化_1,新宝宝妈妈变化-孕育周刊:周切换_2,101
婴5月,1,首页202007:宝宝变化_1,新宝宝妈妈变化-孕育周刊:返回按钮_2,99
婴5月,1,首页202007:搜索框_1,搜索激活页_全部:搜索激活页（不包括输入搜索词后弹出的联想词列表页）_2,95
婴5月,1,领饲料弹窗:使用指定工具去完成_1,宝宝听-首页:推荐TAB_2,91
婴5月,2,新宝宝妈妈变化-孕育周刊:返回按钮_1,新宝宝妈妈变化-孕育周刊:周刊卡片_2,2132
婴5月,2,新宝宝妈妈变化-孕育周刊:上传按钮_1,新宝宝妈妈变化-孕育周刊:返回按钮_2,794
婴5月,2,首页202007:工具_1,首页202007:feeds_2,773
婴5月,2,首页202007:宝宝变化_1,新宝宝妈妈变化-孕育周刊:上传按钮_2,694
婴5月,2,工具-喂养记录(8.36)-喂奶记录页:喂奶时间_1,工具-喂养记录(8.36)-喂奶记录页:选择时间控件确定按钮_2,691
婴5月,2,宝宝听-首页:推荐TAB_1,宝宝听-首页:场景_2,682
婴5月,2,工具-喂养记录(v7.9.4)-首页:喂奶_1,工具-喂养记录(8.36)-喂奶记录页:tab_2,678
婴5月,2,首页202007:搜索框_1,搜索激活页_全部:搜索激活页（不包括输入搜索词后弹出的联想词列表页）_2,624
婴5月,2,首页202007:工具_1,宝宝听-首页:推荐TAB_2,619
婴5月,2,首页202007:宝宝变化_1,新宝宝妈妈变化-孕育周刊:周切换_2,613
婴5月,2,新宝宝妈妈变化-孕育周刊:周切换_1,新宝宝妈妈变化-孕育周刊:返回按钮_2,597
婴5月,2,新宝宝妈妈变化-孕育周刊:周刊卡片_1,首页202007:feeds_2,584
婴5月,2,新宝宝妈妈变化-孕育周刊:上传按钮_1,新宝宝妈妈变化-孕育周刊:周刊卡片_2,552
婴5月,2,宝宝听-首页:场景_1,宝宝听-专辑 （歌单）详情:歌曲_2,540
婴5月,2,搜索激活页_全部:搜索激活页（不包括输入搜索词后弹出的联想词列表页）_1,搜索激活页_全部:搜索按钮_2,499
婴5月,2,搜索激活页_全部:搜索激活页（不包括输入搜索词后弹出的联想词列表页）_1,搜索激活页_全部:联想词列表_2,491
婴5月,2,首页202007:宝宝变化_1,新宝宝妈妈变化-孕育周刊:返回按钮_2,478
婴5月,2,搜索激活页_全部:搜索按钮_1,大搜-搜索结果页:大搜-搜索结果列表_2,463
婴5月,2,工具-喂养记录(8.36)-喂奶记录页:完成按钮_1,工具-喂养记录(8.36)-喂奶记录页:结束计时按钮_2,435
婴5月,2,搜索激活页_全部:联想词列表_1,大搜-搜索结果页:大搜-搜索结果列表_2,410
婴6月,0,新宝宝妈妈变化-孕育周刊:返回按钮_1,新宝宝妈妈变化-孕育周刊:周刊卡片_2,3454
婴6月,0,工具-喂养记录(v7.9.4)-首页:喂奶_1,工具-喂养记录(8.36)-喂奶记录页:tab_2,1746
婴6月,0,首页202007:工具_1,首页202007:feeds_2,1730
婴6月,0,工具-喂养记录(8.36)-喂奶记录页:喂奶时间_1,工具-喂养记录(8.36)-喂奶记录页:选择时间控件确定按钮_2,1663
婴6月,0,新宝宝妈妈变化-孕育周刊:上传按钮_1,新宝宝妈妈变化-孕育周刊:返回按钮_2,1306
婴6月,0,新宝宝妈妈变化-孕育周刊:周刊卡片_1,首页202007:feeds_2,1213
婴6月,0,首页202007:宝宝变化_1,新宝宝妈妈变化-孕育周刊:上传按钮_2,1121
婴6月,0,宝宝听-首页:推荐TAB_1,宝宝听-首页:场景_2,1080
婴6月,0,工具-喂养记录(8.36)-喂奶记录页:完成按钮_1,工具-喂养记录(8.36)-喂奶记录页:结束计时按钮_2,1016
婴6月,0,工具-喂养记录(8.36)-喂奶记录页:选择时间控件确定按钮_1,工具-喂养记录(8.36)-喂奶记录页:完成按钮_2,994
婴6月,0,首页202007:工具_1,宝宝听-首页:推荐TAB_2,989
婴6月,0,首页202007:feeds_1,首页202007:工具_2,985
婴6月,0,首页202007:宝宝变化_1,新宝宝妈妈变化-孕育周刊:周切换_2,917
婴6月,0,新宝宝妈妈变化-孕育周刊:周切换_1,新宝宝妈妈变化-孕育周刊:返回按钮_2,846
婴6月,0,宝宝听-首页:场景_1,宝宝听-专辑 （歌单）详情:歌曲_2,835
婴6月,0,新宝宝妈妈变化-孕育周刊:上传按钮_1,新宝宝妈妈变化-孕育周刊:周刊卡片_2,833
婴6月,0,达人文章详情页:整个页面滑动_1,首页202007:feeds_2,823
婴6月,0,首页202007:搜索框_1,搜索激活页_全部:搜索激活页（不包括输入搜索词后弹出的联想词列表页）_2,822
婴6月,0,工具-喂养记录(8.36)-喂奶记录页:tab_1,工具-喂养记录(v7.9.4)-首页:喂奶_2,822
婴6月,0,首页202007:宝宝变化_1,新宝宝妈妈变化-孕育周刊:返回按钮_2,802
婴6月,1,新宝宝妈妈变化-孕育周刊:返回按钮_1,新宝宝妈妈变化-孕育周刊:周刊卡片_2,404
婴6月,1,新签到首页-202108:当日红包开心收下_1,新签到首页-202108:签到商品feed_2,197
婴6月,1,新签到首页-202108:签到商品feed_1,商品详情页9.5上线版本:整个页面_2,192
婴6月,1,本地照片选择页:照片选择_1,本地照片选择页:确定按钮_2,157
婴6月,1,宝宝听-首页:推荐TAB_1,宝宝听-首页:场景_2,153
婴6月,1,新宝宝妈妈变化-孕育周刊:上传按钮_1,新宝宝妈妈变化-孕育周刊:返回按钮_2,152
婴6月,1,首页202007:宝宝变化_1,新宝宝妈妈变化-孕育周刊:上传按钮_2,125
婴6月,1,领饲料弹窗:浏览广告任务去完成_1,领饲料弹窗:浏览广告任务领取奖励_2,109
婴6月,1,首页202007:工具_1,首页202007:feeds_2,107
婴6月,1,宝宝听-首页:场景_1,宝宝听-专辑 （歌单）详情:歌曲_2,103
婴6月,1,记录时光首页:记照片入口_1,本地照片选择页:照片选择_2,102
婴6月,1,达人文章详情页:整个页面滑动_1,首页202007:feeds_2,102
婴6月,1,新宝宝妈妈变化-孕育周刊:周切换_1,新宝宝妈妈变化-孕育周刊:返回按钮_2,97
婴6月,1,home页202008:个人中心签到/vip运营位_1,新签到首页-202108:任务列表_2,97
婴6月,1,广场首页:202004育儿版头部一级tab_1,广场首页:202004育儿版头部二级tab_2,93
婴6月,1,首页202007:宝宝变化_1,新宝宝妈妈变化-孕育周刊:周切换_2,93
婴6月,1,新宝宝妈妈变化-孕育周刊:周刊卡片_1,首页202007:feeds_2,91
婴6月,1,工具-食谱助手首页:食谱推荐_1,达人文章详情页:整个页面滑动_2,89
婴6月,1,工具-喂养记录(8.36)-喂奶记录页:喂奶时间_1,工具-喂养记录(8.36)-喂奶记录页:选择时间控件确定按钮_2,86
婴6月,1,工具-喂养记录(v7.9.4)-首页:喂奶_1,工具-喂养记录(8.36)-喂奶记录页:tab_2,86
婴6月,2,新宝宝妈妈变化-孕育周刊:返回按钮_1,新宝宝妈妈变化-孕育周刊:周刊卡片_2,1796
婴6月,2,首页202007:工具_1,首页202007:feeds_2,776
婴6月,2,新宝宝妈妈变化-孕育周刊:上传按钮_1,新宝宝妈妈变化-孕育周刊:返回按钮_2,657
婴6月,2,工具-喂养记录(v7.9.4)-首页:喂奶_1,工具-喂养记录(8.36)-喂奶记录页:tab_2,651
婴6月,2,新宝宝妈妈变化-孕育周刊:周刊卡片_1,首页202007:feeds_2,580
婴6月,2,工具-喂养记录(8.36)-喂奶记录页:喂奶时间_1,工具-喂养记录(8.36)-喂奶记录页:选择时间控件确定按钮_2,571
婴6月,2,首页202007:宝宝变化_1,新宝宝妈妈变化-孕育周刊:周切换_2,550
婴6月,2,首页202007:宝宝变化_1,新宝宝妈妈变化-孕育周刊:上传按钮_2,550
婴6月,2,新宝宝妈妈变化-孕育周刊:周切换_1,新宝宝妈妈变化-孕育周刊:返回按钮_2,488
婴6月,2,首页202007:搜索框_1,搜索激活页_全部:搜索激活页（不包括输入搜索词后弹出的联想词列表页）_2,466
婴6月,2,宝宝听-首页:推荐TAB_1,宝宝听-首页:场景_2,458
婴6月,2,达人文章详情页:整个页面滑动_1,首页202007:feeds_2,454
婴6月,2,新宝宝妈妈变化-孕育周刊:上传按钮_1,新宝宝妈妈变化-孕育周刊:周刊卡片_2,444
婴6月,2,首页202007:宝宝变化_1,新宝宝妈妈变化-孕育周刊:返回按钮_2,429
婴6月,2,搜索激活页_全部:搜索按钮_1,大搜-搜索结果页:大搜-搜索结果列表_2,424
婴6月,2,首页202007:feeds_1,首页202007:工具_2,423
婴6月,2,首页202007:工具_1,宝宝听-首页:推荐TAB_2,410
婴6月,2,工具-食谱助手首页:食谱推荐_1,达人文章详情页:整个页面滑动_2,398
婴6月,2,搜索激活页_全部:搜索激活页（不包括输入搜索词后弹出的联想词列表页）_1,搜索激活页_全部:搜索按钮_2,396
婴6月,2,工具-喂养记录(8.36)-喂奶记录页:完成按钮_1,工具-喂养记录(8.36)-喂奶记录页:结束计时按钮_2,369
婴7月,0,新宝宝妈妈变化-孕育周刊:返回按钮_1,新宝宝妈妈变化-孕育周刊:周刊卡片_2,2700
婴7月,0,首页202007:工具_1,首页202007:feeds_2,1536
婴7月,0,工具-喂养记录(v7.9.4)-首页:喂奶_1,工具-喂养记录(8.36)-喂奶记录页:tab_2,1348
婴7月,0,工具-喂养记录(8.36)-喂奶记录页:喂奶时间_1,工具-喂养记录(8.36)-喂奶记录页:选择时间控件确定按钮_2,1271
婴7月,0,新宝宝妈妈变化-孕育周刊:上传按钮_1,新宝宝妈妈变化-孕育周刊:返回按钮_2,985
婴7月,0,工具-食谱助手首页:食谱推荐_1,达人文章详情页:整个页面滑动_2,891
婴7月,0,首页202007:宝宝变化_1,新宝宝妈妈变化-孕育周刊:上传按钮_2,887
婴7月,0,宝宝听-首页:推荐TAB_1,宝宝听-首页:场景_2,882
婴7月,0,首页202007:feeds_1,首页202007:工具_2,850
婴7月,0,新宝宝妈妈变化-孕育周刊:周刊卡片_1,首页202007:feeds_2,844
婴7月,0,工具-喂养记录(8.36)-喂奶记录页:选择时间控件确定按钮_1,工具-喂养记录(8.36)-喂奶记录页:完成按钮_2,772
婴7月,0,首页202007:工具_1,宝宝听-首页:推荐TAB_2,735
婴7月,0,首页202007:搜索框_1,搜索激活页_全部:搜索激活页（不包括输入搜索词后弹出的联想词列表页）_2,699
婴7月,0,首页202007:宝宝变化_1,新宝宝妈妈变化-孕育周刊:返回按钮_2,692
婴7月,0,工具-喂养记录(8.36)-喂奶记录页:完成按钮_1,工具-喂养记录(8.36)-喂奶记录页:结束计时按钮_2,691
婴7月,0,首页202007:宝宝变化_1,新宝宝妈妈变化-孕育周刊:周切换_2,671
婴7月,0,达人文章详情页:整个页面滑动_1,首页202007:feeds_2,669
婴7月,0,工具-喂养记录(8.36)-喂奶记录页:tab_1,工具-喂养记录(8.36)-喂奶记录页:完成按钮_2,660
婴7月,0,新宝宝妈妈变化-孕育周刊:周切换_1,新宝宝妈妈变化-孕育周刊:返回按钮_2,656
婴7月,0,工具-喂养记录(8.36)-喂奶记录页:tab_1,工具-喂养记录(v7.9.4)-首页:喂奶_2,649
婴7月,1,新宝宝妈妈变化-孕育周刊:返回按钮_1,新宝宝妈妈变化-孕育周刊:周刊卡片_2,279
婴7月,1,新签到首页-202108:当日红包开心收下_1,新签到首页-202108:签到商品feed_2,142
婴7月,1,新签到首页-202108:签到商品feed_1,商品详情页9.5上线版本:整个页面_2,140
婴7月,1,宝宝听-首页:推荐TAB_1,宝宝听-首页:场景_2,126
婴7月,1,本地照片选择页:照片选择_1,本地照片选择页:确定按钮_2,117
婴7月,1,达人文章详情页:整个页面滑动_1,首页202007:feeds_2,107
婴7月,1,首页202007:宝宝变化_1,新宝宝妈妈变化-孕育周刊:上传按钮_2,92
婴7月,1,首页202007:工具_1,首页202007:feeds_2,91
婴7月,1,工具-食谱助手首页:食谱推荐_1,达人文章详情页:整个页面滑动_2,89
婴7月,1,领饲料弹窗:浏览广告任务去完成_1,领饲料弹窗:浏览广告任务领取奖励_2,88
婴7月,1,新宝宝妈妈变化-孕育周刊:上传按钮_1,新宝宝妈妈变化-孕育周刊:返回按钮_2,84
婴7月,1,宝宝听-首页:场景_1,宝宝听-专辑 （歌单）详情:歌曲_2,78
婴7月,1,home页202008:个人中心签到/vip运营位_1,新签到首页-202108:任务列表_2,75
婴7月,1,记录时光首页:记照片入口_1,本地照片选择页:照片选择_2,72
婴7月,1,新版能不能吃-搜索页:输入关键词_1,新版能不能吃-搜索结果页:食物卡片_2,71
婴7月,1,首页202007:宝宝变化_1,新宝宝妈妈变化-孕育周刊:返回按钮_2,67
婴7月,1,新宝宝妈妈变化-孕育周刊:周刊卡片_1,首页202007:feeds_2,66
婴7月,1,本地照片选择页:确定按钮_1,写日记页面:发布按钮_2,66
婴7月,1,新版能不能吃-首页:搜索框_1,新版能不能吃-搜索页:输入关键词_2,66
婴7月,1,广场首页:202004育儿版头部一级tab_1,广场首页:202004育儿版头部二级tab_2,65
婴7月,2,新宝宝妈妈变化-孕育周刊:返回按钮_1,新宝宝妈妈变化-孕育周刊:周刊卡片_2,1550
婴7月,2,首页202007:工具_1,首页202007:feeds_2,710
婴7月,2,新宝宝妈妈变化-孕育周刊:上传按钮_1,新宝宝妈妈变化-孕育周刊:返回按钮_2,560
婴7月,2,工具-喂养记录(v7.9.4)-首页:喂奶_1,工具-喂养记录(8.36)-喂奶记录页:tab_2,556
婴7月,2,新宝宝妈妈变化-孕育周刊:周刊卡片_1,首页202007:feeds_2,554
婴7月,2,工具-喂养记录(8.36)-喂奶记录页:喂奶时间_1,工具-喂养记录(8.36)-喂奶记录页:选择时间控件确定按钮_2,541
婴7月,2,首页202007:宝宝变化_1,新宝宝妈妈变化-孕育周刊:上传按钮_2,539
婴7月,2,工具-食谱助手首页:食谱推荐_1,达人文章详情页:整个页面滑动_2,475
婴7月,2,首页202007:宝宝变化_1,新宝宝妈妈变化-孕育周刊:周切换_2,457
婴7月,2,首页202007:搜索框_1,搜索激活页_全部:搜索激活页（不包括输入搜索词后弹出的联想词列表页）_2,434
婴7月,2,新宝宝妈妈变化-孕育周刊:周切换_1,新宝宝妈妈变化-孕育周刊:返回按钮_2,401
婴7月,2,首页202007:宝宝变化_1,新宝宝妈妈变化-孕育周刊:返回按钮_2,395
婴7月,2,首页202007:feeds_1,首页202007:工具_2,390
婴7月,2,宝宝听-首页:推荐TAB_1,宝宝听-首页:场景_2,384
婴7月,2,搜索激活页_全部:搜索激活页（不包括输入搜索词后弹出的联想词列表页）_1,搜索激活页_全部:搜索按钮_2,375
婴7月,2,新宝宝妈妈变化-孕育周刊:上传按钮_1,新宝宝妈妈变化-孕育周刊:周刊卡片_2,373
婴7月,2,达人文章详情页:整个页面滑动_1,首页202007:feeds_2,368
婴7月,2,搜索激活页_全部:搜索按钮_1,大搜-搜索结果页:大搜-搜索结果列表_2,344
婴7月,2,首页202007:工具_1,宝宝听-首页:推荐TAB_2,332
婴7月,2,搜索激活页_全部:搜索激活页（不包括输入搜索词后弹出的联想词列表页）_1,搜索激活页_全部:联想词列表_2,325
婴8月,0,新宝宝妈妈变化-孕育周刊:返回按钮_1,新宝宝妈妈变化-孕育周刊:周刊卡片_2,2300
婴8月,0,首页202007:工具_1,首页202007:feeds_2,1356
婴8月,0,工具-喂养记录(v7.9.4)-首页:喂奶_1,工具-喂养记录(8.36)-喂奶记录页:tab_2,995
婴8月,0,工具-喂养记录(8.36)-喂奶记录页:喂奶时间_1,工具-喂养记录(8.36)-喂奶记录页:选择时间控件确定按钮_2,973
婴8月,0,新宝宝妈妈变化-孕育周刊:上传按钮_1,新宝宝妈妈变化-孕育周刊:返回按钮_2,828
婴8月,0,工具-食谱助手首页:食谱推荐_1,达人文章详情页:整个页面滑动_2,817
婴8月,0,新宝宝妈妈变化-孕育周刊:周刊卡片_1,首页202007:feeds_2,796
婴8月,0,首页202007:feeds_1,首页202007:工具_2,759
婴8月,0,宝宝听-首页:推荐TAB_1,宝宝听-首页:场景_2,748
婴8月,0,首页202007:宝宝变化_1,新宝宝妈妈变化-孕育周刊:上传按钮_2,744
婴8月,0,首页202007:搜索框_1,搜索激活页_全部:搜索激活页（不包括输入搜索词后弹出的联想词列表页）_2,673
婴8月,0,首页202007:工具_1,宝宝听-首页:推荐TAB_2,658
婴8月,0,工具-喂养记录(8.36)-喂奶记录页:选择时间控件确定按钮_1,工具-喂养记录(8.36)-喂奶记录页:完成按钮_2,610
婴8月,0,搜索激活页_全部:搜索按钮_1,大搜-搜索结果页:大搜-搜索结果列表_2,591
婴8月,0,新宝宝妈妈变化-孕育周刊:周切换_1,新宝宝妈妈变化-孕育周刊:返回按钮_2,587
婴8月,0,首页202007:宝宝变化_1,新宝宝妈妈变化-孕育周刊:周切换_2,575
婴8月,0,搜索激活页_全部:搜索激活页（不包括输入搜索词后弹出的联想词列表页）_1,搜索激活页_全部:搜索按钮_2,571
婴8月,0,首页202007:宝宝变化_1,新宝宝妈妈变化-孕育周刊:返回按钮_2,553
婴8月,0,宝宝听-首页:场景_1,宝宝听-专辑 （歌单）详情:歌曲_2,546
婴8月,0,工具-喂养记录(8.36)-喂奶记录页:tab_1,工具-喂养记录(v7.9.4)-首页:喂奶_2,536
婴8月,1,新宝宝妈妈变化-孕育周刊:返回按钮_1,新宝宝妈妈变化-孕育周刊:周刊卡片_2,261
婴8月,1,新签到首页-202108:当日红包开心收下_1,新签到首页-202108:签到商品feed_2,136
婴8月,1,新签到首页-202108:签到商品feed_1,商品详情页9.5上线版本:整个页面_2,132
婴8月,1,宝宝听-首页:推荐TAB_1,宝宝听-首页:场景_2,111
婴8月,1,领饲料弹窗:浏览广告任务去完成_1,领饲料弹窗:浏览广告任务领取奖励_2,103
婴8月,1,新宝宝妈妈变化-孕育周刊:上传按钮_1,新宝宝妈妈变化-孕育周刊:返回按钮_2,98
婴8月,1,工具-食谱助手首页:食谱推荐_1,达人文章详情页:整个页面滑动_2,94
婴8月,1,本地照片选择页:照片选择_1,本地照片选择页:确定按钮_2,87
婴8月,1,home页202008:个人中心签到/vip运营位_1,新签到首页-202108:任务列表_2,75
婴8月,1,达人文章详情页:整个页面滑动_1,首页202007:feeds_2,73
婴8月,1,首页202007:宝宝变化_1,新宝宝妈妈变化-孕育周刊:上传按钮_2,72
婴8月,1,首页202007:工具_1,首页202007:feeds_2,68
婴8月,1,首页202007:工具_1,首页:新人礼盒子_2,67
婴8月,1,领饲料弹窗:使用指定工具去完成_1,宝宝听-首页:推荐TAB_2,65
婴8月,1,宝宝听-首页:场景_1,宝宝听-专辑 （歌单）详情:歌曲_2,64
婴8月,1,领饲料弹窗:浏览广告任务领取奖励_1,领饲料弹窗:使用指定工具去完成_2,63
婴8月,1,本地照片选择页:确定按钮_1,写日记页面:发布按钮_2,63
婴8月,1,新宝宝妈妈变化-孕育周刊:周刊卡片_1,首页202007:feeds_2,62
婴8月,1,宝宝听-首页:推荐TAB_1,领饲料弹窗:使用指定工具领取奖励_2,58
婴8月,1,记录时光首页:记照片入口_1,本地照片选择页:照片选择_2,56
婴8月,2,新宝宝妈妈变化-孕育周刊:返回按钮_1,新宝宝妈妈变化-孕育周刊:周刊卡片_2,1355
婴8月,2,首页202007:工具_1,首页202007:feeds_2,755
婴8月,2,工具-喂养记录(v7.9.4)-首页:喂奶_1,工具-喂养记录(8.36)-喂奶记录页:tab_2,524
婴8月,2,新宝宝妈妈变化-孕育周刊:上传按钮_1,新宝宝妈妈变化-孕育周刊:返回按钮_2,521
婴8月,2,工具-喂养记录(8.36)-喂奶记录页:喂奶时间_1,工具-喂养记录(8.36)-喂奶记录页:选择时间控件确定按钮_2,494
婴8月,2,工具-食谱助手首页:食谱推荐_1,达人文章详情页:整个页面滑动_2,471
婴8月,2,新宝宝妈妈变化-孕育周刊:周刊卡片_1,首页202007:feeds_2,460
婴8月,2,首页202007:宝宝变化_1,新宝宝妈妈变化-孕育周刊:上传按钮_2,420
婴8月,2,首页202007:搜索框_1,搜索激活页_全部:搜索激活页（不包括输入搜索词后弹出的联想词列表页）_2,416
婴8月,2,首页202007:feeds_1,首页202007:工具_2,392
婴8月,2,宝宝听-首页:推荐TAB_1,宝宝听-首页:场景_2,374
婴8月,2,首页202007:宝宝变化_1,新宝宝妈妈变化-孕育周刊:周切换_2,373
婴8月,2,搜索激活页_全部:搜索激活页（不包括输入搜索词后弹出的联想词列表页）_1,搜索激活页_全部:搜索按钮_2,367
婴8月,2,搜索激活页_全部:搜索按钮_1,大搜-搜索结果页:大搜-搜索结果列表_2,358
婴8月,2,首页202007:宝宝变化_1,新宝宝妈妈变化-孕育周刊:返回按钮_2,342
婴8月,2,新宝宝妈妈变化-孕育周刊:周切换_1,新宝宝妈妈变化-孕育周刊:返回按钮_2,338
婴8月,2,首页202007:工具_1,宝宝听-首页:推荐TAB_2,324
婴8月,2,新宝宝妈妈变化-孕育周刊:上传按钮_1,新宝宝妈妈变化-孕育周刊:周刊卡片_2,320
婴8月,2,搜索激活页_全部:搜索激活页（不包括输入搜索词后弹出的联想词列表页）_1,搜索激活页_全部:联想词列表_2,319
婴8月,2,达人文章详情页:整个页面滑动_1,首页202007:feeds_2,318
婴9月,0,新宝宝妈妈变化-孕育周刊:返回按钮_1,新宝宝妈妈变化-孕育周刊:周刊卡片_2,1926
婴9月,0,首页202007:工具_1,首页202007:feeds_2,1226
婴9月,0,工具-喂养记录(v7.9.4)-首页:喂奶_1,工具-喂养记录(8.36)-喂奶记录页:tab_2,911
婴9月,0,工具-喂养记录(8.36)-喂奶记录页:喂奶时间_1,工具-喂养记录(8.36)-喂奶记录页:选择时间控件确定按钮_2,881
婴9月,0,新宝宝妈妈变化-孕育周刊:上传按钮_1,新宝宝妈妈变化-孕育周刊:返回按钮_2,685
婴9月,0,工具-食谱助手首页:食谱推荐_1,达人文章详情页:整个页面滑动_2,657
婴9月,0,新宝宝妈妈变化-孕育周刊:周刊卡片_1,首页202007:feeds_2,645
婴9月,0,首页202007:feeds_1,首页202007:工具_2,633
婴9月,0,宝宝听-首页:推荐TAB_1,宝宝听-首页:场景_2,618
婴9月,0,首页202007:搜索框_1,搜索激活页_全部:搜索激活页（不包括输入搜索词后弹出的联想词列表页）_2,610
婴9月,0,首页202007:宝宝变化_1,新宝宝妈妈变化-孕育周刊:上传按钮_2,609
婴9月,0,搜索激活页_全部:搜索按钮_1,大搜-搜索结果页:大搜-搜索结果列表_2,580
婴9月,0,搜索激活页_全部:搜索激活页（不包括输入搜索词后弹出的联想词列表页）_1,搜索激活页_全部:搜索按钮_2,559
婴9月,0,首页202007:工具_1,宝宝听-首页:推荐TAB_2,553
婴9月,0,首页202007:宝宝变化_1,新宝宝妈妈变化-孕育周刊:周切换_2,521
婴9月,0,工具-喂养记录(8.36)-喂奶记录页:选择时间控件确定按钮_1,工具-喂养记录(8.36)-喂奶记录页:完成按钮_2,513
婴9月,0,首页202007:宝宝变化_1,新宝宝妈妈变化-孕育周刊:返回按钮_2,512
婴9月,0,领饲料弹窗:浏览广告任务去完成_1,领饲料弹窗:浏览广告任务领取奖励_2,487
婴9月,0,搜索激活页_全部:搜索激活页（不包括输入搜索词后弹出的联想词列表页）_1,搜索激活页_全部:联想词列表_2,482
婴9月,0,大搜-搜索结果页:大搜-搜索结果列表_1,达人文章详情页:整个页面滑动_2,481
婴9月,1,新宝宝妈妈变化-孕育周刊:返回按钮_1,新宝宝妈妈变化-孕育周刊:周刊卡片_2,184
婴9月,1,新签到首页-202108:签到商品feed_1,商品详情页9.5上线版本:整个页面_2,118
婴9月,1,新签到首页-202108:当日红包开心收下_1,新签到首页-202108:签到商品feed_2,118
婴9月,1,宝宝听-首页:推荐TAB_1,宝宝听-首页:场景_2,109
婴9月,1,领饲料弹窗:浏览广告任务去完成_1,领饲料弹窗:浏览广告任务领取奖励_2,104
婴9月,1,本地照片选择页:照片选择_1,本地照片选择页:确定按钮_2,76
婴9月,1,宝宝听-首页:场景_1,宝宝听-专辑 （歌单）详情:歌曲_2,71
婴9月,1,首页202007:工具_1,首页202007:feeds_2,69
婴9月,1,领饲料弹窗:浏览广告任务领取奖励_1,领饲料弹窗:使用指定工具去完成_2,68
婴9月,1,领饲料弹窗:使用指定工具去完成_1,宝宝听-首页:推荐TAB_2,62
婴9月,1,首页202007:工具_1,首页:新人礼盒子_2,62
婴9月,1,home页202008:个人中心签到/vip运营位_1,新签到首页-202108:任务列表_2,58
婴9月,1,新宝宝妈妈变化-孕育周刊:上传按钮_1,新宝宝妈妈变化-孕育周刊:返回按钮_2,55
婴9月,1,宝宝听-首页:推荐TAB_1,领饲料弹窗:使用指定工具领取奖励_2,55
婴9月,1,领饲料弹窗:回答问题领取任务_1,领饲料弹窗:回答问题去完成_2,54
婴9月,1,首页:好友牧场回家按钮_1,首页:好友按钮_2,53
婴9月,1,领饲料弹窗:回答问题去完成_1,最新问题页:问题列表_2,52
婴9月,1,新宝宝妈妈变化-孕育周刊:周切换_1,新宝宝妈妈变化-孕育周刊:返回按钮_2,52
婴9月,1,首页202007:宝宝变化_1,新宝宝妈妈变化-孕育周刊:上传按钮_2,51
婴9月,1,新版能不能吃-搜索页:输入关键词_1,新版能不能吃-搜索结果页:食物卡片_2,50
婴9月,2,新宝宝妈妈变化-孕育周刊:返回按钮_1,新宝宝妈妈变化-孕育周刊:周刊卡片_2,1213
婴9月,2,首页202007:工具_1,首页202007:feeds_2,734
婴9月,2,工具-喂养记录(v7.9.4)-首页:喂奶_1,工具-喂养记录(8.36)-喂奶记录页:tab_2,490
婴9月,2,工具-喂养记录(8.36)-喂奶记录页:喂奶时间_1,工具-喂养记录(8.36)-喂奶记录页:选择时间控件确定按钮_2,455
婴9月,2,新宝宝妈妈变化-孕育周刊:上传按钮_1,新宝宝妈妈变化-孕育周刊:返回按钮_2,453
婴9月,2,首页202007:搜索框_1,搜索激活页_全部:搜索激活页（不包括输入搜索词后弹出的联想词列表页）_2,412
婴9月,2,新宝宝妈妈变化-孕育周刊:周刊卡片_1,首页202007:feeds_2,410
婴9月,2,工具-食谱助手首页:食谱推荐_1,达人文章详情页:整个页面滑动_2,409
婴9月,2,首页202007:宝宝变化_1,新宝宝妈妈变化-孕育周刊:上传按钮_2,397
婴9月,2,搜索激活页_全部:搜索激活页（不包括输入搜索词后弹出的联想词列表页）_1,搜索激活页_全部:搜索按钮_2,379
婴9月,2,搜索激活页_全部:搜索按钮_1,大搜-搜索结果页:大搜-搜索结果列表_2,375
婴9月,2,首页202007:宝宝变化_1,新宝宝妈妈变化-孕育周刊:周切换_2,367
婴9月,2,首页202007:feeds_1,首页202007:工具_2,352
婴9月,2,搜索激活页_全部:搜索激活页（不包括输入搜索词后弹出的联想词列表页）_1,搜索激活页_全部:联想词列表_2,342
婴9月,2,宝宝听-首页:推荐TAB_1,宝宝听-首页:场景_2,335
婴9月,2,首页202007:工具_1,宝宝听-首页:推荐TAB_2,319
婴9月,2,新宝宝妈妈变化-孕育周刊:周切换_1,新宝宝妈妈变化-孕育周刊:返回按钮_2,317
婴9月,2,大搜-搜索结果页:大搜-搜索结果列表_1,达人文章详情页:整个页面滑动_2,313
婴9月,2,首页202007:宝宝变化_1,新宝宝妈妈变化-孕育周刊:返回按钮_2,306
婴9月,2,工具-喂养记录(8.36)-喂奶记录页:选择时间控件确定按钮_1,工具-喂养记录(8.36)-喂奶记录页:完成按钮_2,291
孕10月,0,新宝宝妈妈变化-孕育周刊:返回按钮_1,新宝宝妈妈变化-孕育周刊:周刊卡片_2,16368
孕10月,0,首页202007:宝妈关爱整体卡片_1,首页202007:feeds_2,9685
孕10月,0,新宝宝妈妈变化-孕育周刊:周刊卡片_1,首页202007:feeds_2,6818
孕10月,0,新宝宝妈妈变化-孕育周刊:上传按钮_1,新宝宝妈妈变化-孕育周刊:返回按钮_2,6725
孕10月,0,首页202007:其他日_1,首页202007:宝妈关爱整体卡片_2,5605
孕10月,0,首页202007:工具_1,首页202007:feeds_2,5490
孕10月,0,新宝宝妈妈变化-孕育周刊:上传按钮_1,新宝宝妈妈变化-孕育周刊:周刊卡片_2,5463
孕10月,0,新宝宝妈妈变化-孕育周刊:周切换_1,新宝宝妈妈变化-孕育周刊:返回按钮_2,4153
孕10月,0,达人文章详情页:整个页面滑动_1,首页202007:feeds_2,3674
孕10月,0,新宝宝妈妈变化-孕育周刊:周刊卡片_1,新宝宝妈妈变化-孕育周刊:上传按钮_2,3557
孕10月,0,首页202007:搜索框_1,搜索激活页_全部:搜索激活页（不包括输入搜索词后弹出的联想词列表页）_2,3149
孕10月,0,新问题详情页:返回_1,首页202007:feeds_2,2634
孕10月,0,搜索激活页_全部:搜索按钮_1,大搜-搜索结果页:大搜-搜索结果列表_2,2624
孕10月,0,首页202007:宝宝变化_1,新宝宝妈妈变化-孕育周刊:上传按钮_2,2619
孕10月,0,搜索激活页_全部:搜索激活页（不包括输入搜索词后弹出的联想词列表页）_1,搜索激活页_全部:联想词列表_2,2508
孕10月,0,首页202007:日期_1,首页202007:宝妈关爱整体卡片_2,2486
孕10月,0,搜索激活页_全部:联想词列表_1,大搜-搜索结果页:大搜-搜索结果列表_2,2481
孕10月,0,新宝宝妈妈变化-孕育周刊:周切换_1,新宝宝妈妈变化-孕育周刊:上传按钮_2,2449
孕10月,0,大搜-搜索结果页:大搜-搜索结果列表_1,达人文章详情页:整个页面滑动_2,2425
孕10月,0,首页202007:日期_1,首页202007:其他日_2,2396
孕10月,1,新宝宝妈妈变化-孕育周刊:返回按钮_1,新宝宝妈妈变化-孕育周刊:周刊卡片_2,1349
孕10月,1,新宝宝妈妈变化-孕育周刊:上传按钮_1,新宝宝妈妈变化-孕育周刊:返回按钮_2,491
孕10月,1,首页202007:宝妈关爱整体卡片_1,首页202007:feeds_2,468
孕10月,1,首页202007:工具_1,首页202007:feeds_2,431
孕10月,1,新宝宝妈妈变化-孕育周刊:周切换_1,新宝宝妈妈变化-孕育周刊:返回按钮_2,381
孕10月,1,新宝宝妈妈变化-孕育周刊:周刊卡片_1,首页202007:feeds_2,378
孕10月,1,首页202007:其他日_1,首页202007:宝妈关爱整体卡片_2,374
孕10月,1,新宝宝妈妈变化-孕育周刊:上传按钮_1,新宝宝妈妈变化-孕育周刊:周刊卡片_2,366
孕10月,1,首页202007:搜索框_1,搜索激活页_全部:搜索激活页（不包括输入搜索词后弹出的联想词列表页）_2,287
孕10月,1,达人文章详情页:整个页面滑动_1,首页202007:feeds_2,270
孕10月,1,宝宝听-首页:推荐TAB_1,宝宝听-首页:场景_2,263
孕10月,1,新签到首页-202108:签到商品feed_1,商品详情页9.5上线版本:整个页面_2,258
孕10月,1,新签到首页-202108:当日红包开心收下_1,新签到首页-202108:签到商品feed_2,245
孕10月,1,新宝宝妈妈变化-孕育周刊:周刊卡片_1,新宝宝妈妈变化-孕育周刊:上传按钮_2,240
孕10月,1,广场首页:202004育儿版头部一级tab_1,广场首页:202004育儿版头部二级tab_2,232
孕10月,1,搜索激活页_全部:搜索按钮_1,大搜-搜索结果页:大搜-搜索结果列表_2,228
孕10月,1,新版能不能吃-搜索页:输入关键词_1,新版能不能吃-搜索结果页:食物卡片_2,217
孕10月,1,新版能不能吃-首页:搜索框_1,新版能不能吃-搜索页:输入关键词_2,205
孕10月,1,大搜-搜索结果页:大搜-搜索结果列表_1,达人文章详情页:整个页面滑动_2,205
孕10月,1,新问题详情页:返回_1,首页202007:feeds_2,203
孕10月,2,新宝宝妈妈变化-孕育周刊:返回按钮_1,新宝宝妈妈变化-孕育周刊:周刊卡片_2,2622
孕10月,2,首页202007:宝妈关爱整体卡片_1,首页202007:feeds_2,1495
孕10月,2,新宝宝妈妈变化-孕育周刊:周刊卡片_1,首页202007:feeds_2,1141
孕10月,2,新宝宝妈妈变化-孕育周刊:上传按钮_1,新宝宝妈妈变化-孕育周刊:返回按钮_2,986
孕10月,2,新宝宝妈妈变化-孕育周刊:上传按钮_1,新宝宝妈妈变化-孕育周刊:周刊卡片_2,936
孕10月,2,首页202007:工具_1,首页202007:feeds_2,925
孕10月,2,首页202007:其他日_1,首页202007:宝妈关爱整体卡片_2,813
孕10月,2,新宝宝妈妈变化-孕育周刊:周切换_1,新宝宝妈妈变化-孕育周刊:返回按钮_2,762
孕10月,2,达人文章详情页:整个页面滑动_1,首页202007:feeds_2,581
孕10月,2,新宝宝妈妈变化-孕育周刊:周刊卡片_1,新宝宝妈妈变化-孕育周刊:上传按钮_2,578
孕10月,2,首页202007:搜索框_1,搜索激活页_全部:搜索激活页（不包括输入搜索词后弹出的联想词列表页）_2,542
孕10月,2,搜索激活页_全部:搜索激活页（不包括输入搜索词后弹出的联想词列表页）_1,搜索激活页_全部:联想词列表_2,526
孕10月,2,搜索激活页_全部:搜索按钮_1,大搜-搜索结果页:大搜-搜索结果列表_2,487
孕10月,2,新宝宝妈妈变化-孕育周刊:周切换_1,新宝宝妈妈变化-孕育周刊:上传按钮_2,481
孕10月,2,记宫缩首页:宫缩开始按钮_1,记宫缩首页:宫缩结束按钮_2,474
孕10月,2,搜索激活页_全部:联想词列表_1,大搜-搜索结果页:大搜-搜索结果列表_2,449
孕10月,2,新版能不能吃-搜索页:输入关键词_1,新版能不能吃-搜索结果页:食物卡片_2,444
孕10月,2,搜索激活页_全部:搜索激活页（不包括输入搜索词后弹出的联想词列表页）_1,搜索激活页_全部:搜索按钮_2,435
孕10月,2,新版能不能吃-首页:搜索框_1,新版能不能吃-搜索页:输入关键词_2,434
孕10月,2,新问题详情页:返回_1,首页202007:feeds_2,433
孕1月,0,新宝宝妈妈变化-孕育周刊:返回按钮_1,新宝宝妈妈变化-孕育周刊:周刊卡片_2,2311
孕1月,0,首页202007:工具_1,首页202007:feeds_2,1272
孕1月,0,首页202007:宝妈关爱整体卡片_1,首页202007:feeds_2,1066
孕1月,0,新宝宝妈妈变化-孕育周刊:周切换_1,新宝宝妈妈变化-孕育周刊:返回按钮_2,936
孕1月,0,新版能不能吃-首页:搜索框_1,新版能不能吃-搜索页:输入关键词_2,758
孕1月,0,新宝宝妈妈变化-孕育周刊:周刊卡片_1,首页202007:feeds_2,736
孕1月,0,新版能不能吃-搜索页:输入关键词_1,新版能不能吃-搜索结果页:食物卡片_2,719
孕1月,0,新宝宝妈妈变化-孕育周刊:上传按钮_1,新宝宝妈妈变化-孕育周刊:返回按钮_2,677
孕1月,0,新宝宝妈妈变化-孕育周刊:上传按钮_1,新宝宝妈妈变化-孕育周刊:周刊卡片_2,650
孕1月,0,首页202007:其他日_1,首页202007:宝妈关爱整体卡片_2,631
孕1月,0,搜索激活页_全部:搜索按钮_1,大搜-搜索结果页:大搜-搜索结果列表_2,625
孕1月,0,新宝宝妈妈变化-孕育周刊:周刊卡片_1,新宝宝妈妈变化-孕育周刊:上传按钮_2,615
孕1月,0,首页202007:搜索框_1,搜索激活页_全部:搜索激活页（不包括输入搜索词后弹出的联想词列表页）_2,609
孕1月,0,大搜-搜索结果页:大搜-搜索结果列表_1,达人文章详情页:整个页面滑动_2,582
孕1月,0,搜索激活页_全部:搜索激活页（不包括输入搜索词后弹出的联想词列表页）_1,首页202007:feeds_2,557
孕1月,0,搜索激活页_全部:联想词列表_1,大搜-搜索结果页:大搜-搜索结果列表_2,531
孕1月,0,首页202007:日期_1,首页202007:宝妈关爱整体卡片_2,500
孕1月,0,新版能不能吃-首页:食物分类_1,新版能不能吃-分类列表页:食物卡片_2,474
孕1月,0,搜索激活页_全部:搜索激活页（不包括输入搜索词后弹出的联想词列表页）_1,搜索激活页_全部:搜索按钮_2,459
孕1月,0,达人文章详情页:整个页面滑动_1,首页202007:feeds_2,452
孕1月,1,新宝宝妈妈变化-孕育周刊:返回按钮_1,新宝宝妈妈变化-孕育周刊:周刊卡片_2,536
孕1月,1,首页202007:工具_1,首页202007:feeds_2,235
孕1月,1,首页202007:feeds_1,广场首页:202004育儿版feeds栏位_2,216
孕1月,1,新宝宝妈妈变化-孕育周刊:周切换_1,新宝宝妈妈变化-孕育周刊:返回按钮_2,210
孕1月,1,广场首页:202004育儿版头部一级tab_1,广场首页:202004育儿版头部二级tab_2,162
孕1月,1,新宝宝妈妈变化-孕育周刊:上传按钮_1,新宝宝妈妈变化-孕育周刊:返回按钮_2,141
孕1月,1,新版能不能吃-首页:搜索框_1,新版能不能吃-搜索页:输入关键词_2,137
孕1月,1,工具-食谱助手首页:饮食建议（孕期）_1,孕期食谱详情页:页面_2,131
孕1月,1,新版能不能吃-搜索页:输入关键词_1,新版能不能吃-搜索结果页:食物卡片_2,127
孕1月,1,新宝宝妈妈变化-孕育周刊:周刊卡片_1,首页202007:feeds_2,124
孕1月,1,广场首页:202004育儿版feeds栏位_1,商品详情页9.5上线版本:整个页面_2,121
孕1月,1,新宝宝妈妈变化-孕育周刊:上传按钮_1,新宝宝妈妈变化-孕育周刊:周刊卡片_2,119
孕1月,1,新宝宝妈妈变化-孕育周刊:周刊卡片_1,新宝宝妈妈变化-孕育周刊:上传按钮_2,119
孕1月,1,首页202007:宝妈关爱整体卡片_1,首页202007:feeds_2,117
孕1月,1,首页202007:其他日_1,首页202007:宝妈关爱整体卡片_2,113
孕1月,1,新版能不能吃-首页:食物分类_1,新版能不能吃-分类列表页:食物卡片_2,110
孕1月,1,首页202007:搜索框_1,搜索激活页_全部:搜索按钮_2,110
孕1月,1,首页202007:搜索框_1,搜索激活页_全部:搜索激活页（不包括输入搜索词后弹出的联想词列表页）_2,95
孕1月,1,首页202007:日期_1,首页202007:宝妈关爱整体卡片_2,93
孕1月,1,广场首页:202004育儿版头部二级tab_1,广场首页:202004育儿版头部一级tab_2,92
孕1月,2,新宝宝妈妈变化-孕育周刊:返回按钮_1,新宝宝妈妈变化-孕育周刊:周刊卡片_2,70
孕1月,2,首页202007:宝妈关爱整体卡片_1,首页202007:feeds_2,35
孕1月,2,新宝宝妈妈变化-孕育周刊:周切换_1,新宝宝妈妈变化-孕育周刊:返回按钮_2,28
孕1月,2,新宝宝妈妈变化-孕育周刊:周刊卡片_1,首页202007:feeds_2,25
孕1月,2,新宝宝妈妈变化-孕育周刊:上传按钮_1,新宝宝妈妈变化-孕育周刊:返回按钮_2,23
孕1月,2,首页202007:其他日_1,首页202007:宝妈关爱整体卡片_2,20
孕1月,2,新宝宝妈妈变化-孕育周刊:上传按钮_1,新宝宝妈妈变化-孕育周刊:周刊卡片_2,20
孕1月,2,首页202007:孕期记录按钮-孕期_1,日历首页:日历_2,20
孕1月,2,新宝宝妈妈变化-孕育周刊:周刊卡片_1,新宝宝妈妈变化-孕育周刊:上传按钮_2,18
孕1月,2,首页202007:日期_1,首页202007:宝妈关爱整体卡片_2,17
孕1月,2,新问题详情页:返回_1,首页202007:feeds_2,17
孕1月,2,首页202007:日期_1,首页202007:其他日_2,16
孕1月,2,新版能不能吃-搜索页:输入关键词_1,新版能不能吃-搜索结果页:食物卡片_2,16
孕1月,2,大搜-搜索结果页:大搜-搜索结果列表_1,达人文章详情页:整个页面滑动_2,15
孕1月,2,搜索激活页_全部:搜索按钮_1,大搜-搜索结果页:大搜-搜索结果列表_2,15
孕1月,2,首页202007:搜索框_1,搜索激活页_全部:搜索按钮_2,14
孕1月,2,首页202007:工具_1,首页202007:feeds_2,14
孕1月,2,首页202007:搜索框_1,搜索激活页_全部:搜索激活页（不包括输入搜索词后弹出的联想词列表页）_2,13
孕1月,2,新宝宝妈妈变化-孕育周刊:周切换_1,新宝宝妈妈变化-孕育周刊:上传按钮_2,13
孕1月,2,搜索激活页_全部:搜索激活页（不包括输入搜索词后弹出的联想词列表页）_1,搜索激活页_全部:搜索按钮_2,12
孕2月,0,新宝宝妈妈变化-孕育周刊:返回按钮_1,新宝宝妈妈变化-孕育周刊:周刊卡片_2,23165
孕2月,0,首页202007:宝妈关爱整体卡片_1,首页202007:feeds_2,12399
孕2月,0,新版能不能吃-首页:搜索框_1,新版能不能吃-搜索页:输入关键词_2,10683
孕2月,0,首页202007:工具_1,首页202007:feeds_2,10180
孕2月,0,新版能不能吃-搜索页:输入关键词_1,新版能不能吃-搜索结果页:食物卡片_2,9980
孕2月,0,新宝宝妈妈变化-孕育周刊:周刊卡片_1,首页202007:feeds_2,8446
孕2月,0,新宝宝妈妈变化-孕育周刊:上传按钮_1,新宝宝妈妈变化-孕育周刊:返回按钮_2,8293
孕2月,0,新宝宝妈妈变化-孕育周刊:周切换_1,新宝宝妈妈变化-孕育周刊:返回按钮_2,8274
孕2月,0,新宝宝妈妈变化-孕育周刊:上传按钮_1,新宝宝妈妈变化-孕育周刊:周刊卡片_2,7962
孕2月,0,首页202007:其他日_1,首页202007:宝妈关爱整体卡片_2,7372
孕2月,0,首页202007:工具_1,新版能不能吃-首页:搜索框_2,7155
孕2月,0,新宝宝妈妈变化-孕育周刊:周刊卡片_1,新宝宝妈妈变化-孕育周刊:上传按钮_2,6677
孕2月,0,首页202007:搜索框_1,搜索激活页_全部:搜索激活页（不包括输入搜索词后弹出的联想词列表页）_2,6319
孕2月,0,搜索激活页_全部:搜索按钮_1,大搜-搜索结果页:大搜-搜索结果列表_2,6242
孕2月,0,搜索激活页_全部:联想词列表_1,大搜-搜索结果页:大搜-搜索结果列表_2,5746
孕2月,0,搜索激活页_全部:搜索激活页（不包括输入搜索词后弹出的联想词列表页）_1,搜索激活页_全部:搜索按钮_2,5630
孕2月,0,搜索激活页_全部:搜索激活页（不包括输入搜索词后弹出的联想词列表页）_1,搜索激活页_全部:联想词列表_2,5374
孕2月,0,大搜-搜索结果页:大搜-搜索结果列表_1,达人文章详情页:整个页面滑动_2,4957
孕2月,0,首页202007:搜索框_1,大搜-搜索结果页:顶部tab_2,4905
孕2月,0,首页202007:搜索框_1,首页202007:feeds_2,4834
孕2月,1,新宝宝妈妈变化-孕育周刊:返回按钮_1,新宝宝妈妈变化-孕育周刊:周刊卡片_2,2739
孕2月,1,新宝宝妈妈变化-孕育周刊:周切换_1,新宝宝妈妈变化-孕育周刊:返回按钮_2,1025
孕2月,1,新版能不能吃-首页:搜索框_1,新版能不能吃-搜索页:输入关键词_2,938
孕2月,1,新宝宝妈妈变化-孕育周刊:上传按钮_1,新宝宝妈妈变化-孕育周刊:返回按钮_2,915
孕2月,1,新版能不能吃-搜索页:输入关键词_1,新版能不能吃-搜索结果页:食物卡片_2,914
孕2月,1,新宝宝妈妈变化-孕育周刊:上传按钮_1,新宝宝妈妈变化-孕育周刊:周刊卡片_2,872
孕2月,1,首页202007:工具_1,首页202007:feeds_2,853
孕2月,1,广场首页:202004育儿版头部一级tab_1,广场首页:202004育儿版头部二级tab_2,835
孕2月,1,首页202007:宝妈关爱整体卡片_1,首页202007:feeds_2,730
孕2月,1,新宝宝妈妈变化-孕育周刊:周刊卡片_1,新宝宝妈妈变化-孕育周刊:上传按钮_2,719
孕2月,1,搜索激活页_全部:搜索按钮_1,大搜-搜索结果页:大搜-搜索结果列表_2,681
孕2月,1,新宝宝妈妈变化-孕育周刊:周刊卡片_1,首页202007:feeds_2,666
孕2月,1,首页202007:搜索框_1,搜索激活页_全部:搜索激活页（不包括输入搜索词后弹出的联想词列表页）_2,636
孕2月,1,首页202007:其他日_1,首页202007:宝妈关爱整体卡片_2,609
孕2月,1,工具-食谱助手首页:饮食建议（孕期）_1,孕期食谱详情页:页面_2,600
孕2月,1,首页202007:搜索框_1,大搜-搜索结果页:顶部tab_2,594
孕2月,1,搜索激活页_全部:联想词列表_1,大搜-搜索结果页:大搜-搜索结果列表_2,590
孕2月,1,广场首页:202004育儿版头部二级tab_1,广场首页:202004育儿版feeds栏位_2,582
孕2月,1,大搜-搜索结果页:大搜-搜索结果列表_1,达人文章详情页:整个页面滑动_2,560
孕2月,1,首页202007:工具_1,新版能不能吃-首页:搜索框_2,532
孕2月,2,新宝宝妈妈变化-孕育周刊:返回按钮_1,新宝宝妈妈变化-孕育周刊:周刊卡片_2,470
孕2月,2,首页202007:宝妈关爱整体卡片_1,首页202007:feeds_2,276
孕2月,2,首页202007:其他日_1,首页202007:宝妈关爱整体卡片_2,202
孕2月,2,新版能不能吃-首页:搜索框_1,新版能不能吃-搜索页:输入关键词_2,193
孕2月,2,新宝宝妈妈变化-孕育周刊:周切换_1,新宝宝妈妈变化-孕育周刊:返回按钮_2,191
孕2月,2,新版能不能吃-搜索页:输入关键词_1,新版能不能吃-搜索结果页:食物卡片_2,187
孕2月,2,新宝宝妈妈变化-孕育周刊:周刊卡片_1,首页202007:feeds_2,174
孕2月,2,首页202007:工具_1,首页202007:feeds_2,173
孕2月,2,新宝宝妈妈变化-孕育周刊:上传按钮_1,新宝宝妈妈变化-孕育周刊:返回按钮_2,155
孕2月,2,新宝宝妈妈变化-孕育周刊:上传按钮_1,新宝宝妈妈变化-孕育周刊:周刊卡片_2,153
孕2月,2,新宝宝妈妈变化-孕育周刊:周刊卡片_1,新宝宝妈妈变化-孕育周刊:上传按钮_2,150
孕2月,2,首页202007:工具_1,新版能不能吃-首页:搜索框_2,148
孕2月,2,首页202007:搜索框_1,搜索激活页_全部:搜索激活页（不包括输入搜索词后弹出的联想词列表页）_2,137
孕2月,2,搜索激活页_全部:搜索按钮_1,大搜-搜索结果页:大搜-搜索结果列表_2,122
孕2月,2,搜索激活页_全部:搜索激活页（不包括输入搜索词后弹出的联想词列表页）_1,搜索激活页_全部:搜索按钮_2,112
孕2月,2,首页202007:日期_1,首页202007:其他日_2,106
孕2月,2,搜索激活页_全部:搜索激活页（不包括输入搜索词后弹出的联想词列表页）_1,搜索激活页_全部:联想词列表_2,104
孕2月,2,首页202007:搜索框_1,首页202007:feeds_2,99
孕2月,2,搜索激活页_全部:联想词列表_1,大搜-搜索结果页:大搜-搜索结果列表_2,95
孕2月,2,新问题详情页:返回_1,首页202007:feeds_2,95
孕3月,0,新宝宝妈妈变化-孕育周刊:返回按钮_1,新宝宝妈妈变化-孕育周刊:周刊卡片_2,26812
孕3月,0,首页202007:宝妈关爱整体卡片_1,首页202007:feeds_2,15847
孕3月,0,新版能不能吃-首页:搜索框_1,新版能不能吃-搜索页:输入关键词_2,11960
孕3月,0,新宝宝妈妈变化-孕育周刊:周刊卡片_1,首页202007:feeds_2,11949
孕3月,0,新版能不能吃-搜索页:输入关键词_1,新版能不能吃-搜索结果页:食物卡片_2,11380
孕3月,0,新宝宝妈妈变化-孕育周刊:上传按钮_1,新宝宝妈妈变化-孕育周刊:返回按钮_2,10548
孕3月,0,首页202007:工具_1,首页202007:feeds_2,10502
孕3月,0,新宝宝妈妈变化-孕育周刊:上传按钮_1,新宝宝妈妈变化-孕育周刊:周刊卡片_2,9874
孕3月,0,新宝宝妈妈变化-孕育周刊:周切换_1,新宝宝妈妈变化-孕育周刊:返回按钮_2,8547
孕3月,0,首页202007:工具_1,新版能不能吃-首页:搜索框_2,8342
孕3月,0,首页202007:其他日_1,首页202007:宝妈关爱整体卡片_2,8027
孕3月,0,新宝宝妈妈变化-孕育周刊:周刊卡片_1,新宝宝妈妈变化-孕育周刊:上传按钮_2,7034
孕3月,0,首页202007:搜索框_1,搜索激活页_全部:搜索激活页（不包括输入搜索词后弹出的联想词列表页）_2,6910
孕3月,0,搜索激活页_全部:搜索按钮_1,大搜-搜索结果页:大搜-搜索结果列表_2,6359
孕3月,0,搜索激活页_全部:搜索激活页（不包括输入搜索词后弹出的联想词列表页）_1,搜索激活页_全部:搜索按钮_2,5923
孕3月,0,搜索激活页_全部:联想词列表_1,大搜-搜索结果页:大搜-搜索结果列表_2,5764
孕3月,0,达人文章详情页:整个页面滑动_1,首页202007:feeds_2,5718
孕3月,0,搜索激活页_全部:搜索激活页（不包括输入搜索词后弹出的联想词列表页）_1,搜索激活页_全部:联想词列表_2,5295
孕3月,0,首页202007:搜索框_1,首页202007:feeds_2,5064
孕3月,0,新宝宝妈妈变化-孕育周刊:周切换_1,新宝宝妈妈变化-孕育周刊:上传按钮_2,4803
孕3月,1,新宝宝妈妈变化-孕育周刊:返回按钮_1,新宝宝妈妈变化-孕育周刊:周刊卡片_2,2010
孕3月,1,新宝宝妈妈变化-孕育周刊:上传按钮_1,新宝宝妈妈变化-孕育周刊:返回按钮_2,712
孕3月,1,首页202007:宝妈关爱整体卡片_1,首页202007:feeds_2,617
孕3月,1,新宝宝妈妈变化-孕育周刊:周切换_1,新宝宝妈妈变化-孕育周刊:返回按钮_2,611
孕3月,1,新版能不能吃-搜索页:输入关键词_1,新版能不能吃-搜索结果页:食物卡片_2,610
孕3月,1,新宝宝妈妈变化-孕育周刊:上传按钮_1,新宝宝妈妈变化-孕育周刊:周刊卡片_2,605
孕3月,1,新版能不能吃-首页:搜索框_1,新版能不能吃-搜索页:输入关键词_2,596
孕3月,1,新宝宝妈妈变化-孕育周刊:周刊卡片_1,首页202007:feeds_2,588
孕3月,1,首页202007:工具_1,首页202007:feeds_2,546
孕3月,1,新宝宝妈妈变化-孕育周刊:周刊卡片_1,新宝宝妈妈变化-孕育周刊:上传按钮_2,488
孕3月,1,首页202007:其他日_1,首页202007:宝妈关爱整体卡片_2,483
孕3月,1,首页202007:搜索框_1,搜索激活页_全部:搜索激活页（不包括输入搜索词后弹出的联想词列表页）_2,483
孕3月,1,广场首页:202004育儿版头部一级tab_1,广场首页:202004育儿版头部二级tab_2,427
孕3月,1,搜索激活页_全部:搜索按钮_1,大搜-搜索结果页:大搜-搜索结果列表_2,416
孕3月,1,首页202007:工具_1,新版能不能吃-首页:搜索框_2,402
孕3月,1,新宝宝妈妈变化-孕育周刊:周切换_1,新宝宝妈妈变化-孕育周刊:上传按钮_2,383
孕3月,1,搜索激活页_全部:联想词列表_1,大搜-搜索结果页:大搜-搜索结果列表_2,367
孕3月,1,搜索激活页_全部:搜索激活页（不包括输入搜索词后弹出的联想词列表页）_1,搜索激活页_全部:搜索按钮_2,364
孕3月,1,达人文章详情页:整个页面滑动_1,首页202007:feeds_2,361
孕3月,1,广场首页:202004育儿版头部二级tab_1,广场首页:202004育儿版feeds栏位_2,352
孕3月,2,新宝宝妈妈变化-孕育周刊:返回按钮_1,新宝宝妈妈变化-孕育周刊:周刊卡片_2,369
孕3月,2,首页202007:宝妈关爱整体卡片_1,首页202007:feeds_2,253
孕3月,2,新版能不能吃-首页:搜索框_1,新版能不能吃-搜索页:输入关键词_2,201
孕3月,2,新版能不能吃-搜索页:输入关键词_1,新版能不能吃-搜索结果页:食物卡片_2,196
孕3月,2,首页202007:工具_1,首页202007:feeds_2,166
孕3月,2,新宝宝妈妈变化-孕育周刊:周刊卡片_1,首页202007:feeds_2,156
孕3月,2,首页202007:工具_1,新版能不能吃-首页:搜索框_2,153
孕3月,2,新宝宝妈妈变化-孕育周刊:上传按钮_1,新宝宝妈妈变化-孕育周刊:返回按钮_2,138
孕3月,2,新宝宝妈妈变化-孕育周刊:周切换_1,新宝宝妈妈变化-孕育周刊:返回按钮_2,127
孕3月,2,新宝宝妈妈变化-孕育周刊:上传按钮_1,新宝宝妈妈变化-孕育周刊:周刊卡片_2,125
孕3月,2,首页202007:其他日_1,首页202007:宝妈关爱整体卡片_2,113
孕3月,2,搜索激活页_全部:搜索按钮_1,大搜-搜索结果页:大搜-搜索结果列表_2,102
孕3月,2,首页202007:搜索框_1,搜索激活页_全部:搜索激活页（不包括输入搜索词后弹出的联想词列表页）_2,97
孕3月,2,搜索激活页_全部:搜索激活页（不包括输入搜索词后弹出的联想词列表页）_1,搜索激活页_全部:搜索按钮_2,87
孕3月,2,新宝宝妈妈变化-孕育周刊:周刊卡片_1,新宝宝妈妈变化-孕育周刊:上传按钮_2,86
孕3月,2,搜索激活页_全部:联想词列表_1,大搜-搜索结果页:大搜-搜索结果列表_2,85
孕3月,2,新宝宝妈妈变化-孕育周刊:周切换_1,新宝宝妈妈变化-孕育周刊:上传按钮_2,81
孕3月,2,搜索激活页_全部:搜索激活页（不包括输入搜索词后弹出的联想词列表页）_1,搜索激活页_全部:联想词列表_2,80
孕3月,2,首页202007:搜索框_1,首页202007:feeds_2,80
孕3月,2,大搜-搜索结果页:大搜-搜索结果列表_1,达人文章详情页:整个页面滑动_2,73
孕4月,0,新宝宝妈妈变化-孕育周刊:返回按钮_1,新宝宝妈妈变化-孕育周刊:周刊卡片_2,26044
孕4月,0,首页202007:宝妈关爱整体卡片_1,首页202007:feeds_2,15071
孕4月,0,新宝宝妈妈变化-孕育周刊:周刊卡片_1,首页202007:feeds_2,12096
孕4月,0,新宝宝妈妈变化-孕育周刊:上传按钮_1,新宝宝妈妈变化-孕育周刊:返回按钮_2,10741
孕4月,0,新版能不能吃-首页:搜索框_1,新版能不能吃-搜索页:输入关键词_2,10075
孕4月,0,首页202007:工具_1,首页202007:feeds_2,10020
孕4月,0,新宝宝妈妈变化-孕育周刊:上传按钮_1,新宝宝妈妈变化-孕育周刊:周刊卡片_2,9750
孕4月,0,新版能不能吃-搜索页:输入关键词_1,新版能不能吃-搜索结果页:食物卡片_2,9666
孕4月,0,新宝宝妈妈变化-孕育周刊:周切换_1,新宝宝妈妈变化-孕育周刊:返回按钮_2,7375
孕4月,0,首页202007:其他日_1,首页202007:宝妈关爱整体卡片_2,6957
孕4月,0,首页202007:工具_1,新版能不能吃-首页:搜索框_2,6927
孕4月,0,新宝宝妈妈变化-孕育周刊:周刊卡片_1,新宝宝妈妈变化-孕育周刊:上传按钮_2,6563
孕4月,0,首页202007:搜索框_1,搜索激活页_全部:搜索激活页（不包括输入搜索词后弹出的联想词列表页）_2,6136
孕4月,0,达人文章详情页:整个页面滑动_1,首页202007:feeds_2,5728
孕4月,0,搜索激活页_全部:搜索按钮_1,大搜-搜索结果页:大搜-搜索结果列表_2,5298
孕4月,0,搜索激活页_全部:联想词列表_1,大搜-搜索结果页:大搜-搜索结果列表_2,5159
孕4月,0,搜索激活页_全部:搜索激活页（不包括输入搜索词后弹出的联想词列表页）_1,搜索激活页_全部:搜索按钮_2,4960
孕4月,0,搜索激活页_全部:搜索激活页（不包括输入搜索词后弹出的联想词列表页）_1,搜索激活页_全部:联想词列表_2,4935
孕4月,0,新宝宝妈妈变化-孕育周刊:周切换_1,新宝宝妈妈变化-孕育周刊:上传按钮_2,4462
孕4月,0,首页202007:搜索框_1,首页202007:feeds_2,4427
孕4月,1,新宝宝妈妈变化-孕育周刊:返回按钮_1,新宝宝妈妈变化-孕育周刊:周刊卡片_2,1801
孕4月,1,新宝宝妈妈变化-孕育周刊:上传按钮_1,新宝宝妈妈变化-孕育周刊:返回按钮_2,690
孕4月,1,首页202007:宝妈关爱整体卡片_1,首页202007:feeds_2,579
孕4月,1,新宝宝妈妈变化-孕育周刊:周切换_1,新宝宝妈妈变化-孕育周刊:返回按钮_2,555
孕4月,1,新宝宝妈妈变化-孕育周刊:上传按钮_1,新宝宝妈妈变化-孕育周刊:周刊卡片_2,546
孕4月,1,新宝宝妈妈变化-孕育周刊:周刊卡片_1,首页202007:feeds_2,539
孕4月,1,首页202007:工具_1,首页202007:feeds_2,493
孕4月,1,新版能不能吃-首页:搜索框_1,新版能不能吃-搜索页:输入关键词_2,475
孕4月,1,新版能不能吃-搜索页:输入关键词_1,新版能不能吃-搜索结果页:食物卡片_2,452
孕4月,1,新宝宝妈妈变化-孕育周刊:周刊卡片_1,新宝宝妈妈变化-孕育周刊:上传按钮_2,402
孕4月,1,首页202007:其他日_1,首页202007:宝妈关爱整体卡片_2,389
孕4月,1,首页202007:搜索框_1,搜索激活页_全部:搜索激活页（不包括输入搜索词后弹出的联想词列表页）_2,375
孕4月,1,搜索激活页_全部:搜索按钮_1,大搜-搜索结果页:大搜-搜索结果列表_2,356
孕4月,1,达人文章详情页:整个页面滑动_1,首页202007:feeds_2,345
孕4月,1,搜索激活页_全部:联想词列表_1,大搜-搜索结果页:大搜-搜索结果列表_2,315
孕4月,1,广场首页:202004育儿版头部一级tab_1,广场首页:202004育儿版头部二级tab_2,314
孕4月,1,新宝宝妈妈变化-孕育周刊:周切换_1,新宝宝妈妈变化-孕育周刊:上传按钮_2,292
孕4月,1,首页202007:工具_1,新版能不能吃-首页:搜索框_2,288
孕4月,1,大搜-搜索结果页:大搜-搜索结果列表_1,达人文章详情页:整个页面滑动_2,285
孕4月,1,广场首页:202004育儿版头部二级tab_1,广场首页:202004育儿版feeds栏位_2,272
孕4月,2,新宝宝妈妈变化-孕育周刊:返回按钮_1,新宝宝妈妈变化-孕育周刊:周刊卡片_2,320
孕4月,2,首页202007:宝妈关爱整体卡片_1,首页202007:feeds_2,195
孕4月,2,新宝宝妈妈变化-孕育周刊:周刊卡片_1,首页202007:feeds_2,148
孕4月,2,新宝宝妈妈变化-孕育周刊:上传按钮_1,新宝宝妈妈变化-孕育周刊:返回按钮_2,138
孕4月,2,首页202007:工具_1,首页202007:feeds_2,126
孕4月,2,新版能不能吃-首页:搜索框_1,新版能不能吃-搜索页:输入关键词_2,118
孕4月,2,新版能不能吃-搜索页:输入关键词_1,新版能不能吃-搜索结果页:食物卡片_2,111
孕4月,2,新宝宝妈妈变化-孕育周刊:上传按钮_1,新宝宝妈妈变化-孕育周刊:周刊卡片_2,111
孕4月,2,首页202007:其他日_1,首页202007:宝妈关爱整体卡片_2,104
孕4月,2,新宝宝妈妈变化-孕育周刊:周切换_1,新宝宝妈妈变化-孕育周刊:返回按钮_2,83
孕4月,2,首页202007:工具_1,新版能不能吃-首页:搜索框_2,75
孕4月,2,首页202007:搜索框_1,搜索激活页_全部:搜索激活页（不包括输入搜索词后弹出的联想词列表页）_2,67
孕4月,2,新宝宝妈妈变化-孕育周刊:周切换_1,新宝宝妈妈变化-孕育周刊:上传按钮_2,65
孕4月,2,搜索激活页_全部:搜索按钮_1,大搜-搜索结果页:大搜-搜索结果列表_2,65
孕4月,2,搜索激活页_全部:搜索激活页（不包括输入搜索词后弹出的联想词列表页）_1,搜索激活页_全部:搜索按钮_2,61
孕4月,2,搜索激活页_全部:联想词列表_1,大搜-搜索结果页:大搜-搜索结果列表_2,61
孕4月,2,新宝宝妈妈变化-孕育周刊:周刊卡片_1,新宝宝妈妈变化-孕育周刊:上传按钮_2,60
孕4月,2,首页202007:搜索框_1,首页202007:feeds_2,57
孕4月,2,搜索激活页_全部:搜索激活页（不包括输入搜索词后弹出的联想词列表页）_1,搜索激活页_全部:联想词列表_2,52
孕4月,2,达人文章详情页:整个页面滑动_1,首页202007:feeds_2,52
孕5月,0,新宝宝妈妈变化-孕育周刊:返回按钮_1,新宝宝妈妈变化-孕育周刊:周刊卡片_2,25033
孕5月,0,首页202007:宝妈关爱整体卡片_1,首页202007:feeds_2,14265
孕5月,0,新宝宝妈妈变化-孕育周刊:周刊卡片_1,首页202007:feeds_2,11880
孕5月,0,新宝宝妈妈变化-孕育周刊:上传按钮_1,新宝宝妈妈变化-孕育周刊:返回按钮_2,10558
孕5月,0,新宝宝妈妈变化-孕育周刊:上传按钮_1,新宝宝妈妈变化-孕育周刊:周刊卡片_2,9690
孕5月,0,首页202007:工具_1,首页202007:feeds_2,9418
孕5月,0,新版能不能吃-首页:搜索框_1,新版能不能吃-搜索页:输入关键词_2,8494
孕5月,0,新版能不能吃-搜索页:输入关键词_1,新版能不能吃-搜索结果页:食物卡片_2,8305
孕5月,0,新宝宝妈妈变化-孕育周刊:周切换_1,新宝宝妈妈变化-孕育周刊:返回按钮_2,6662
孕5月,0,新宝宝妈妈变化-孕育周刊:周刊卡片_1,新宝宝妈妈变化-孕育周刊:上传按钮_2,6220
孕5月,0,首页202007:其他日_1,首页202007:宝妈关爱整体卡片_2,5858
孕5月,0,首页202007:工具_1,新版能不能吃-首页:搜索框_2,5791
孕5月,0,首页202007:搜索框_1,搜索激活页_全部:搜索激活页（不包括输入搜索词后弹出的联想词列表页）_2,5520
孕5月,0,达人文章详情页:整个页面滑动_1,首页202007:feeds_2,5382
孕5月,0,搜索激活页_全部:搜索按钮_1,大搜-搜索结果页:大搜-搜索结果列表_2,4563
孕5月,0,搜索激活页_全部:联想词列表_1,大搜-搜索结果页:大搜-搜索结果列表_2,4406
孕5月,0,搜索激活页_全部:搜索激活页（不包括输入搜索词后弹出的联想词列表页）_1,搜索激活页_全部:搜索按钮_2,4280
孕5月,0,搜索激活页_全部:搜索激活页（不包括输入搜索词后弹出的联想词列表页）_1,搜索激活页_全部:联想词列表_2,4260
孕5月,0,新宝宝妈妈变化-孕育周刊:周切换_1,新宝宝妈妈变化-孕育周刊:上传按钮_2,4204
孕5月,0,新问题详情页:返回_1,首页202007:feeds_2,3652
孕5月,1,新宝宝妈妈变化-孕育周刊:返回按钮_1,新宝宝妈妈变化-孕育周刊:周刊卡片_2,1585
孕5月,1,新宝宝妈妈变化-孕育周刊:上传按钮_1,新宝宝妈妈变化-孕育周刊:返回按钮_2,621
孕5月,1,首页202007:宝妈关爱整体卡片_1,首页202007:feeds_2,544
孕5月,1,新宝宝妈妈变化-孕育周刊:周刊卡片_1,首页202007:feeds_2,510
孕5月,1,新宝宝妈妈变化-孕育周刊:上传按钮_1,新宝宝妈妈变化-孕育周刊:周刊卡片_2,486
孕5月,1,新宝宝妈妈变化-孕育周刊:周切换_1,新宝宝妈妈变化-孕育周刊:返回按钮_2,450
孕5月,1,首页202007:工具_1,首页202007:feeds_2,429
孕5月,1,新版能不能吃-搜索页:输入关键词_1,新版能不能吃-搜索结果页:食物卡片_2,393
孕5月,1,新版能不能吃-首页:搜索框_1,新版能不能吃-搜索页:输入关键词_2,388
孕5月,1,新宝宝妈妈变化-孕育周刊:周刊卡片_1,新宝宝妈妈变化-孕育周刊:上传按钮_2,362
孕5月,1,首页202007:搜索框_1,搜索激活页_全部:搜索激活页（不包括输入搜索词后弹出的联想词列表页）_2,352
孕5月,1,首页202007:其他日_1,首页202007:宝妈关爱整体卡片_2,303
孕5月,1,达人文章详情页:整个页面滑动_1,首页202007:feeds_2,291
孕5月,1,广场首页:202004育儿版头部一级tab_1,广场首页:202004育儿版头部二级tab_2,281
孕5月,1,搜索激活页_全部:搜索按钮_1,大搜-搜索结果页:大搜-搜索结果列表_2,267
孕5月,1,新宝宝妈妈变化-孕育周刊:周切换_1,新宝宝妈妈变化-孕育周刊:上传按钮_2,254
孕5月,1,搜索激活页_全部:联想词列表_1,大搜-搜索结果页:大搜-搜索结果列表_2,245
孕5月,1,搜索激活页_全部:搜索激活页（不包括输入搜索词后弹出的联想词列表页）_1,搜索激活页_全部:联想词列表_2,240
孕5月,1,广场首页:202004育儿版头部二级tab_1,广场首页:202004育儿版feeds栏位_2,239
孕5月,1,宝宝听-首页:推荐TAB_1,宝宝听-首页:场景_2,237
孕5月,2,新宝宝妈妈变化-孕育周刊:返回按钮_1,新宝宝妈妈变化-孕育周刊:周刊卡片_2,699
孕5月,2,首页202007:宝妈关爱整体卡片_1,首页202007:feeds_2,380
孕5月,2,新宝宝妈妈变化-孕育周刊:周刊卡片_1,首页202007:feeds_2,337
孕5月,2,新宝宝妈妈变化-孕育周刊:上传按钮_1,新宝宝妈妈变化-孕育周刊:周刊卡片_2,286
孕5月,2,新宝宝妈妈变化-孕育周刊:上传按钮_1,新宝宝妈妈变化-孕育周刊:返回按钮_2,282
孕5月,2,首页202007:工具_1,首页202007:feeds_2,279
孕5月,2,新版能不能吃-首页:搜索框_1,新版能不能吃-搜索页:输入关键词_2,273
孕5月,2,新版能不能吃-搜索页:输入关键词_1,新版能不能吃-搜索结果页:食物卡片_2,255
孕5月,2,新宝宝妈妈变化-孕育周刊:周切换_1,新宝宝妈妈变化-孕育周刊:返回按钮_2,216
孕5月,2,新宝宝妈妈变化-孕育周刊:周刊卡片_1,新宝宝妈妈变化-孕育周刊:上传按钮_2,179
孕5月,2,首页202007:搜索框_1,搜索激活页_全部:搜索激活页（不包括输入搜索词后弹出的联想词列表页）_2,162
孕5月,2,首页202007:工具_1,新版能不能吃-首页:搜索框_2,149
孕5月,2,首页202007:其他日_1,首页202007:宝妈关爱整体卡片_2,148
孕5月,2,搜索激活页_全部:搜索激活页（不包括输入搜索词后弹出的联想词列表页）_1,搜索激活页_全部:联想词列表_2,145
孕5月,2,新宝宝妈妈变化-孕育周刊:周切换_1,新宝宝妈妈变化-孕育周刊:上传按钮_2,132
孕5月,2,搜索激活页_全部:联想词列表_1,大搜-搜索结果页:大搜-搜索结果列表_2,128
孕5月,2,搜索激活页_全部:搜索按钮_1,大搜-搜索结果页:大搜-搜索结果列表_2,125
孕5月,2,达人文章详情页:整个页面滑动_1,首页202007:feeds_2,123
孕5月,2,搜索激活页_全部:搜索激活页（不包括输入搜索词后弹出的联想词列表页）_1,搜索激活页_全部:搜索按钮_2,122
孕5月,2,首页202007:feeds_1,首页202007:工具_2,110
孕6月,0,新宝宝妈妈变化-孕育周刊:返回按钮_1,新宝宝妈妈变化-孕育周刊:周刊卡片_2,21406
孕6月,0,首页202007:宝妈关爱整体卡片_1,首页202007:feeds_2,11441
孕6月,0,新宝宝妈妈变化-孕育周刊:周刊卡片_1,首页202007:feeds_2,10442
孕6月,0,新宝宝妈妈变化-孕育周刊:上传按钮_1,新宝宝妈妈变化-孕育周刊:返回按钮_2,9268
孕6月,0,新宝宝妈妈变化-孕育周刊:上传按钮_1,新宝宝妈妈变化-孕育周刊:周刊卡片_2,7958
孕6月,0,首页202007:工具_1,首页202007:feeds_2,7794
孕6月,0,新版能不能吃-首页:搜索框_1,新版能不能吃-搜索页:输入关键词_2,6479
孕6月,0,新版能不能吃-搜索页:输入关键词_1,新版能不能吃-搜索结果页:食物卡片_2,6301
孕6月,0,新宝宝妈妈变化-孕育周刊:周切换_1,新宝宝妈妈变化-孕育周刊:返回按钮_2,5486
孕6月,0,新宝宝妈妈变化-孕育周刊:周刊卡片_1,新宝宝妈妈变化-孕育周刊:上传按钮_2,5220
孕6月,0,首页202007:其他日_1,首页202007:宝妈关爱整体卡片_2,5115
孕6月,0,达人文章详情页:整个页面滑动_1,首页202007:feeds_2,4628
孕6月,0,首页202007:工具_1,新版能不能吃-首页:搜索框_2,4334
孕6月,0,首页202007:搜索框_1,搜索激活页_全部:搜索激活页（不包括输入搜索词后弹出的联想词列表页）_2,4276
孕6月,0,新宝宝妈妈变化-孕育周刊:周切换_1,新宝宝妈妈变化-孕育周刊:上传按钮_2,3677
孕6月,0,搜索激活页_全部:搜索按钮_1,大搜-搜索结果页:大搜-搜索结果列表_2,3536
孕6月,0,搜索激活页_全部:联想词列表_1,大搜-搜索结果页:大搜-搜索结果列表_2,3448
孕6月,0,新问题详情页:返回_1,首页202007:feeds_2,3361
孕6月,0,搜索激活页_全部:搜索激活页（不包括输入搜索词后弹出的联想词列表页）_1,搜索激活页_全部:联想词列表_2,3294
孕6月,0,搜索激活页_全部:搜索激活页（不包括输入搜索词后弹出的联想词列表页）_1,搜索激活页_全部:搜索按钮_2,3255
孕6月,1,新宝宝妈妈变化-孕育周刊:返回按钮_1,新宝宝妈妈变化-孕育周刊:周刊卡片_2,1348
孕6月,1,新宝宝妈妈变化-孕育周刊:上传按钮_1,新宝宝妈妈变化-孕育周刊:返回按钮_2,559
孕6月,1,首页202007:宝妈关爱整体卡片_1,首页202007:feeds_2,460
孕6月,1,新宝宝妈妈变化-孕育周刊:周刊卡片_1,首页202007:feeds_2,450
孕6月,1,新宝宝妈妈变化-孕育周刊:上传按钮_1,新宝宝妈妈变化-孕育周刊:周刊卡片_2,410
孕6月,1,首页202007:工具_1,首页202007:feeds_2,402
孕6月,1,新宝宝妈妈变化-孕育周刊:周切换_1,新宝宝妈妈变化-孕育周刊:返回按钮_2,393
孕6月,1,新版能不能吃-搜索页:输入关键词_1,新版能不能吃-搜索结果页:食物卡片_2,314
孕6月,1,新版能不能吃-首页:搜索框_1,新版能不能吃-搜索页:输入关键词_2,309
孕6月,1,首页202007:其他日_1,首页202007:宝妈关爱整体卡片_2,298
孕6月,1,首页202007:搜索框_1,搜索激活页_全部:搜索激活页（不包括输入搜索词后弹出的联想词列表页）_2,277
孕6月,1,新宝宝妈妈变化-孕育周刊:周刊卡片_1,新宝宝妈妈变化-孕育周刊:上传按钮_2,276
孕6月,1,广场首页:202004育儿版头部一级tab_1,广场首页:202004育儿版头部二级tab_2,258
孕6月,1,宝宝听-首页:推荐TAB_1,宝宝听-首页:场景_2,253
孕6月,1,达人文章详情页:整个页面滑动_1,首页202007:feeds_2,251
孕6月,1,新宝宝妈妈变化-孕育周刊:周切换_1,新宝宝妈妈变化-孕育周刊:上传按钮_2,239
孕6月,1,广场首页:202004育儿版头部二级tab_1,广场首页:202004育儿版feeds栏位_2,213
孕6月,1,搜索激活页_全部:搜索按钮_1,大搜-搜索结果页:大搜-搜索结果列表_2,207
孕6月,1,搜索激活页_全部:联想词列表_1,大搜-搜索结果页:大搜-搜索结果列表_2,194
孕6月,1,新签到首页-202108:签到商品feed_1,商品详情页9.5上线版本:整个页面_2,193
孕6月,2,新宝宝妈妈变化-孕育周刊:返回按钮_1,新宝宝妈妈变化-孕育周刊:周刊卡片_2,1533
孕6月,2,首页202007:宝妈关爱整体卡片_1,首页202007:feeds_2,835
孕6月,2,新宝宝妈妈变化-孕育周刊:周刊卡片_1,首页202007:feeds_2,718
孕6月,2,新宝宝妈妈变化-孕育周刊:上传按钮_1,新宝宝妈妈变化-孕育周刊:周刊卡片_2,641
孕6月,2,新宝宝妈妈变化-孕育周刊:上传按钮_1,新宝宝妈妈变化-孕育周刊:返回按钮_2,634
孕6月,2,首页202007:工具_1,首页202007:feeds_2,583
孕6月,2,新版能不能吃-搜索页:输入关键词_1,新版能不能吃-搜索结果页:食物卡片_2,567
孕6月,2,新版能不能吃-首页:搜索框_1,新版能不能吃-搜索页:输入关键词_2,555
孕6月,2,新宝宝妈妈变化-孕育周刊:周切换_1,新宝宝妈妈变化-孕育周刊:返回按钮_2,460
孕6月,2,新宝宝妈妈变化-孕育周刊:周刊卡片_1,新宝宝妈妈变化-孕育周刊:上传按钮_2,415
孕6月,2,首页202007:搜索框_1,搜索激活页_全部:搜索激活页（不包括输入搜索词后弹出的联想词列表页）_2,399
孕6月,2,首页202007:工具_1,新版能不能吃-首页:搜索框_2,382
孕6月,2,搜索激活页_全部:搜索按钮_1,大搜-搜索结果页:大搜-搜索结果列表_2,352
孕6月,2,搜索激活页_全部:搜索激活页（不包括输入搜索词后弹出的联想词列表页）_1,搜索激活页_全部:搜索按钮_2,342
孕6月,2,首页202007:其他日_1,首页202007:宝妈关爱整体卡片_2,332
孕6月,2,搜索激活页_全部:搜索激活页（不包括输入搜索词后弹出的联想词列表页）_1,搜索激活页_全部:联想词列表_2,331
孕6月,2,搜索激活页_全部:联想词列表_1,大搜-搜索结果页:大搜-搜索结果列表_2,322
孕6月,2,首页202007:搜索框_1,首页202007:feeds_2,299
孕6月,2,达人文章详情页:整个页面滑动_1,首页202007:feeds_2,295
孕6月,2,新宝宝妈妈变化-孕育周刊:周切换_1,新宝宝妈妈变化-孕育周刊:上传按钮_2,294
孕7月,0,新宝宝妈妈变化-孕育周刊:返回按钮_1,新宝宝妈妈变化-孕育周刊:周刊卡片_2,21247
孕7月,0,首页202007:宝妈关爱整体卡片_1,首页202007:feeds_2,10567
孕7月,0,新宝宝妈妈变化-孕育周刊:周刊卡片_1,首页202007:feeds_2,10444
孕7月,0,新宝宝妈妈变化-孕育周刊:上传按钮_1,新宝宝妈妈变化-孕育周刊:返回按钮_2,9081
孕7月,0,新宝宝妈妈变化-孕育周刊:上传按钮_1,新宝宝妈妈变化-孕育周刊:周刊卡片_2,7989
孕7月,0,首页202007:工具_1,首页202007:feeds_2,7917
孕7月,0,新宝宝妈妈变化-孕育周刊:周切换_1,新宝宝妈妈变化-孕育周刊:返回按钮_2,5543
孕7月,0,新版能不能吃-首页:搜索框_1,新版能不能吃-搜索页:输入关键词_2,5170
孕7月,0,新版能不能吃-搜索页:输入关键词_1,新版能不能吃-搜索结果页:食物卡片_2,5127
孕7月,0,新宝宝妈妈变化-孕育周刊:周刊卡片_1,新宝宝妈妈变化-孕育周刊:上传按钮_2,5073
孕7月,0,首页202007:其他日_1,首页202007:宝妈关爱整体卡片_2,4927
孕7月,0,达人文章详情页:整个页面滑动_1,首页202007:feeds_2,4597
孕7月,0,首页202007:搜索框_1,搜索激活页_全部:搜索激活页（不包括输入搜索词后弹出的联想词列表页）_2,3855
孕7月,0,新宝宝妈妈变化-孕育周刊:周切换_1,新宝宝妈妈变化-孕育周刊:上传按钮_2,3532
孕7月,0,首页202007:工具_1,新版能不能吃-首页:搜索框_2,3400
孕7月,0,搜索激活页_全部:联想词列表_1,大搜-搜索结果页:大搜-搜索结果列表_2,3215
孕7月,0,搜索激活页_全部:搜索按钮_1,大搜-搜索结果页:大搜-搜索结果列表_2,3202
孕7月,0,首页202007:宝妈关爱整体卡片_1,新宝宝妈妈变化-孕育周刊:上传按钮_2,3167
孕7月,0,搜索激活页_全部:搜索激活页（不包括输入搜索词后弹出的联想词列表页）_1,搜索激活页_全部:联想词列表_2,3114
孕7月,0,新问题详情页:返回_1,首页202007:feeds_2,2991
孕7月,1,新宝宝妈妈变化-孕育周刊:返回按钮_1,新宝宝妈妈变化-孕育周刊:周刊卡片_2,1703
孕7月,1,新宝宝妈妈变化-孕育周刊:上传按钮_1,新宝宝妈妈变化-孕育周刊:返回按钮_2,665
孕7月,1,新宝宝妈妈变化-孕育周刊:周刊卡片_1,首页202007:feeds_2,593
孕7月,1,首页202007:工具_1,首页202007:feeds_2,504
孕7月,1,新宝宝妈妈变化-孕育周刊:上传按钮_1,新宝宝妈妈变化-孕育周刊:周刊卡片_2,480
孕7月,1,新宝宝妈妈变化-孕育周刊:周切换_1,新宝宝妈妈变化-孕育周刊:返回按钮_2,474
孕7月,1,首页202007:宝妈关爱整体卡片_1,首页202007:feeds_2,465
孕7月,1,新宝宝妈妈变化-孕育周刊:周刊卡片_1,新宝宝妈妈变化-孕育周刊:上传按钮_2,367
孕7月,1,新版能不能吃-搜索页:输入关键词_1,新版能不能吃-搜索结果页:食物卡片_2,353
孕7月,1,新版能不能吃-首页:搜索框_1,新版能不能吃-搜索页:输入关键词_2,344
孕7月,1,宝宝听-首页:推荐TAB_1,宝宝听-首页:场景_2,339
孕7月,1,首页202007:其他日_1,首页202007:宝妈关爱整体卡片_2,309
孕7月,1,达人文章详情页:整个页面滑动_1,首页202007:feeds_2,306
孕7月,1,首页202007:搜索框_1,搜索激活页_全部:搜索激活页（不包括输入搜索词后弹出的联想词列表页）_2,287
孕7月,1,广场首页:202004育儿版头部一级tab_1,广场首页:202004育儿版头部二级tab_2,256
孕7月,1,新宝宝妈妈变化-孕育周刊:周切换_1,新宝宝妈妈变化-孕育周刊:上传按钮_2,254
孕7月,1,新签到首页-202108:当日红包开心收下_1,新签到首页-202108:签到商品feed_2,246
孕7月,1,搜索激活页_全部:搜索按钮_1,大搜-搜索结果页:大搜-搜索结果列表_2,241
孕7月,1,新签到首页-202108:签到商品feed_1,商品详情页9.5上线版本:整个页面_2,237
孕7月,1,搜索激活页_全部:联想词列表_1,大搜-搜索结果页:大搜-搜索结果列表_2,227
孕7月,2,新宝宝妈妈变化-孕育周刊:返回按钮_1,新宝宝妈妈变化-孕育周刊:周刊卡片_2,2353
孕7月,2,首页202007:宝妈关爱整体卡片_1,首页202007:feeds_2,1218
孕7月,2,新宝宝妈妈变化-孕育周刊:周刊卡片_1,首页202007:feeds_2,1199
孕7月,2,新宝宝妈妈变化-孕育周刊:上传按钮_1,新宝宝妈妈变化-孕育周刊:返回按钮_2,990
孕7月,2,新宝宝妈妈变化-孕育周刊:上传按钮_1,新宝宝妈妈变化-孕育周刊:周刊卡片_2,987
孕7月,2,首页202007:工具_1,首页202007:feeds_2,957
孕7月,2,新版能不能吃-首页:搜索框_1,新版能不能吃-搜索页:输入关键词_2,700
孕7月,2,新版能不能吃-搜索页:输入关键词_1,新版能不能吃-搜索结果页:食物卡片_2,696
孕7月,2,新宝宝妈妈变化-孕育周刊:周切换_1,新宝宝妈妈变化-孕育周刊:返回按钮_2,684
孕7月,2,首页202007:其他日_1,首页202007:宝妈关爱整体卡片_2,576
孕7月,2,新宝宝妈妈变化-孕育周刊:周刊卡片_1,新宝宝妈妈变化-孕育周刊:上传按钮_2,571
孕7月,2,首页202007:搜索框_1,搜索激活页_全部:搜索激活页（不包括输入搜索词后弹出的联想词列表页）_2,501
孕7月,2,达人文章详情页:整个页面滑动_1,首页202007:feeds_2,482
孕7月,2,新宝宝妈妈变化-孕育周刊:周切换_1,新宝宝妈妈变化-孕育周刊:上传按钮_2,469
孕7月,2,搜索激活页_全部:搜索按钮_1,大搜-搜索结果页:大搜-搜索结果列表_2,439
孕7月,2,首页202007:工具_1,新版能不能吃-首页:搜索框_2,436
孕7月,2,搜索激活页_全部:搜索激活页（不包括输入搜索词后弹出的联想词列表页）_1,搜索激活页_全部:搜索按钮_2,427
孕7月,2,搜索激活页_全部:搜索激活页（不包括输入搜索词后弹出的联想词列表页）_1,搜索激活页_全部:联想词列表_2,424
孕7月,2,搜索激活页_全部:联想词列表_1,大搜-搜索结果页:大搜-搜索结果列表_2,408
孕7月,2,首页202007:宝妈关爱整体卡片_1,新宝宝妈妈变化-孕育周刊:上传按钮_2,354
孕8月,0,新宝宝妈妈变化-孕育周刊:返回按钮_1,新宝宝妈妈变化-孕育周刊:周刊卡片_2,18473
孕8月,0,首页202007:宝妈关爱整体卡片_1,首页202007:feeds_2,9470
孕8月,0,新宝宝妈妈变化-孕育周刊:周刊卡片_1,首页202007:feeds_2,8919
孕8月,0,新宝宝妈妈变化-孕育周刊:上传按钮_1,新宝宝妈妈变化-孕育周刊:返回按钮_2,7990
孕8月,0,首页202007:工具_1,首页202007:feeds_2,7551
孕8月,0,新宝宝妈妈变化-孕育周刊:上传按钮_1,新宝宝妈妈变化-孕育周刊:周刊卡片_2,7012
孕8月,0,新宝宝妈妈变化-孕育周刊:周切换_1,新宝宝妈妈变化-孕育周刊:返回按钮_2,4677
孕8月,0,首页202007:其他日_1,首页202007:宝妈关爱整体卡片_2,4613
孕8月,0,新宝宝妈妈变化-孕育周刊:周刊卡片_1,新宝宝妈妈变化-孕育周刊:上传按钮_2,4312
孕8月,0,达人文章详情页:整个页面滑动_1,首页202007:feeds_2,4023
孕8月,0,新版能不能吃-首页:搜索框_1,新版能不能吃-搜索页:输入关键词_2,3701
孕8月,0,新版能不能吃-搜索页:输入关键词_1,新版能不能吃-搜索结果页:食物卡片_2,3669
孕8月,0,首页202007:搜索框_1,搜索激活页_全部:搜索激活页（不包括输入搜索词后弹出的联想词列表页）_2,3219
孕8月,0,新宝宝妈妈变化-孕育周刊:周切换_1,新宝宝妈妈变化-孕育周刊:上传按钮_2,3024
孕8月,0,首页202007:宝宝变化_1,新宝宝妈妈变化-孕育周刊:上传按钮_2,2884
孕8月,0,首页202007:feeds_1,首页202007:工具_2,2837
孕8月,0,首页202007:日期_1,首页202007:宝妈关爱整体卡片_2,2703
孕8月,0,新问题详情页:返回_1,首页202007:feeds_2,2649
孕8月,0,搜索激活页_全部:搜索按钮_1,大搜-搜索结果页:大搜-搜索结果列表_2,2598
孕8月,0,首页202007:宝妈关爱整体卡片_1,新宝宝妈妈变化-孕育周刊:上传按钮_2,2460
孕8月,1,新宝宝妈妈变化-孕育周刊:返回按钮_1,新宝宝妈妈变化-孕育周刊:周刊卡片_2,1694
孕8月,1,新宝宝妈妈变化-孕育周刊:上传按钮_1,新宝宝妈妈变化-孕育周刊:返回按钮_2,733
孕8月,1,新宝宝妈妈变化-孕育周刊:周刊卡片_1,首页202007:feeds_2,615
孕8月,1,首页202007:工具_1,首页202007:feeds_2,571
孕8月,1,首页202007:宝妈关爱整体卡片_1,首页202007:feeds_2,536
孕8月,1,新宝宝妈妈变化-孕育周刊:上传按钮_1,新宝宝妈妈变化-孕育周刊:周刊卡片_2,528
孕8月,1,新宝宝妈妈变化-孕育周刊:周切换_1,新宝宝妈妈变化-孕育周刊:返回按钮_2,394
孕8月,1,宝宝听-首页:推荐TAB_1,宝宝听-首页:场景_2,385
孕8月,1,新宝宝妈妈变化-孕育周刊:周刊卡片_1,新宝宝妈妈变化-孕育周刊:上传按钮_2,343
孕8月,1,首页202007:其他日_1,首页202007:宝妈关爱整体卡片_2,335
孕8月,1,达人文章详情页:整个页面滑动_1,首页202007:feeds_2,328
孕8月,1,新版能不能吃-搜索页:输入关键词_1,新版能不能吃-搜索结果页:食物卡片_2,310
孕8月,1,新版能不能吃-首页:搜索框_1,新版能不能吃-搜索页:输入关键词_2,303
孕8月,1,新宝宝妈妈变化-孕育周刊:周切换_1,新宝宝妈妈变化-孕育周刊:上传按钮_2,300
孕8月,1,首页202007:搜索框_1,搜索激活页_全部:搜索激活页（不包括输入搜索词后弹出的联想词列表页）_2,286
孕8月,1,首页202007:宝宝变化_1,新宝宝妈妈变化-孕育周刊:上传按钮_2,278
孕8月,1,新签到首页-202108:当日红包开心收下_1,新签到首页-202108:签到商品feed_2,258
孕8月,1,新签到首页-202108:签到商品feed_1,商品详情页9.5上线版本:整个页面_2,257
孕8月,1,广场首页:202004育儿版头部一级tab_1,广场首页:202004育儿版头部二级tab_2,243
孕8月,1,新问题详情页:返回_1,首页202007:feeds_2,238
孕8月,2,新宝宝妈妈变化-孕育周刊:返回按钮_1,新宝宝妈妈变化-孕育周刊:周刊卡片_2,2577
孕8月,2,新宝宝妈妈变化-孕育周刊:周刊卡片_1,首页202007:feeds_2,1291
孕8月,2,首页202007:宝妈关爱整体卡片_1,首页202007:feeds_2,1272
孕8月,2,新宝宝妈妈变化-孕育周刊:上传按钮_1,新宝宝妈妈变化-孕育周刊:返回按钮_2,1095
孕8月,2,新宝宝妈妈变化-孕育周刊:上传按钮_1,新宝宝妈妈变化-孕育周刊:周刊卡片_2,1047
孕8月,2,首页202007:工具_1,首页202007:feeds_2,1045
孕8月,2,新宝宝妈妈变化-孕育周刊:周切换_1,新宝宝妈妈变化-孕育周刊:返回按钮_2,743
孕8月,2,首页202007:其他日_1,首页202007:宝妈关爱整体卡片_2,672
孕8月,2,新版能不能吃-搜索页:输入关键词_1,新版能不能吃-搜索结果页:食物卡片_2,633
孕8月,2,新宝宝妈妈变化-孕育周刊:周刊卡片_1,新宝宝妈妈变化-孕育周刊:上传按钮_2,600
孕8月,2,新版能不能吃-首页:搜索框_1,新版能不能吃-搜索页:输入关键词_2,599
孕8月,2,达人文章详情页:整个页面滑动_1,首页202007:feeds_2,532
孕8月,2,新宝宝妈妈变化-孕育周刊:周切换_1,新宝宝妈妈变化-孕育周刊:上传按钮_2,485
孕8月,2,首页202007:搜索框_1,搜索激活页_全部:搜索激活页（不包括输入搜索词后弹出的联想词列表页）_2,457
孕8月,2,搜索激活页_全部:搜索按钮_1,大搜-搜索结果页:大搜-搜索结果列表_2,434
孕8月,2,搜索激活页_全部:联想词列表_1,大搜-搜索结果页:大搜-搜索结果列表_2,404
孕8月,2,首页202007:宝宝变化_1,新宝宝妈妈变化-孕育周刊:上传按钮_2,391
孕8月,2,首页202007:feeds_1,首页202007:工具_2,390
孕8月,2,首页202007:宝宝动图/爸爸漫画_1,新宝宝妈妈变化-孕育周刊:周切换_2,387
孕8月,2,搜索激活页_全部:搜索激活页（不包括输入搜索词后弹出的联想词列表页）_1,搜索激活页_全部:搜索按钮_2,377
孕9月,0,新宝宝妈妈变化-孕育周刊:返回按钮_1,新宝宝妈妈变化-孕育周刊:周刊卡片_2,18781
孕9月,0,首页202007:宝妈关爱整体卡片_1,首页202007:feeds_2,10732
孕9月,0,新宝宝妈妈变化-孕育周刊:周刊卡片_1,首页202007:feeds_2,8976
孕9月,0,新宝宝妈妈变化-孕育周刊:上传按钮_1,新宝宝妈妈变化-孕育周刊:返回按钮_2,7971
孕9月,0,首页202007:工具_1,首页202007:feeds_2,6975
孕9月,0,新宝宝妈妈变化-孕育周刊:上传按钮_1,新宝宝妈妈变化-孕育周刊:周刊卡片_2,6944
孕9月,0,首页202007:其他日_1,首页202007:宝妈关爱整体卡片_2,5725
孕9月,0,新宝宝妈妈变化-孕育周刊:周切换_1,新宝宝妈妈变化-孕育周刊:返回按钮_2,4983
孕9月,0,新宝宝妈妈变化-孕育周刊:周刊卡片_1,新宝宝妈妈变化-孕育周刊:上传按钮_2,4712
孕9月,0,达人文章详情页:整个页面滑动_1,首页202007:feeds_2,4049
孕9月,0,首页202007:日期_1,首页202007:宝妈关爱整体卡片_2,3435
孕9月,0,新宝宝妈妈变化-孕育周刊:周切换_1,新宝宝妈妈变化-孕育周刊:上传按钮_2,3177
孕9月,0,新版能不能吃-搜索页:输入关键词_1,新版能不能吃-搜索结果页:食物卡片_2,3176
孕9月,0,新版能不能吃-首页:搜索框_1,新版能不能吃-搜索页:输入关键词_2,3172
孕9月,0,首页202007:搜索框_1,搜索激活页_全部:搜索激活页（不包括输入搜索词后弹出的联想词列表页）_2,3097
孕9月,0,首页202007:日期_1,首页202007:其他日_2,3008
孕9月,0,新问题详情页:返回_1,首页202007:feeds_2,3003
孕9月,0,首页202007:宝宝变化_1,新宝宝妈妈变化-孕育周刊:上传按钮_2,2649
孕9月,0,首页202007:宝妈关爱整体卡片_1,新宝宝妈妈变化-孕育周刊:上传按钮_2,2586
孕9月,0,搜索激活页_全部:搜索按钮_1,大搜-搜索结果页:大搜-搜索结果列表_2,2485
孕9月,1,新宝宝妈妈变化-孕育周刊:返回按钮_1,新宝宝妈妈变化-孕育周刊:周刊卡片_2,1702
孕9月,1,新宝宝妈妈变化-孕育周刊:上传按钮_1,新宝宝妈妈变化-孕育周刊:返回按钮_2,701
孕9月,1,新宝宝妈妈变化-孕育周刊:周刊卡片_1,首页202007:feeds_2,571
孕9月,1,首页202007:宝妈关爱整体卡片_1,首页202007:feeds_2,563
孕9月,1,首页202007:工具_1,首页202007:feeds_2,560
孕9月,1,新宝宝妈妈变化-孕育周刊:上传按钮_1,新宝宝妈妈变化-孕育周刊:周刊卡片_2,483
孕9月,1,新宝宝妈妈变化-孕育周刊:周切换_1,新宝宝妈妈变化-孕育周刊:返回按钮_2,414
孕9月,1,首页202007:其他日_1,首页202007:宝妈关爱整体卡片_2,396
孕9月,1,宝宝听-首页:推荐TAB_1,宝宝听-首页:场景_2,366
孕9月,1,新宝宝妈妈变化-孕育周刊:周刊卡片_1,新宝宝妈妈变化-孕育周刊:上传按钮_2,340
孕9月,1,新签到首页-202108:当日红包开心收下_1,新签到首页-202108:签到商品feed_2,318
孕9月,1,达人文章详情页:整个页面滑动_1,首页202007:feeds_2,316
孕9月,1,首页202007:搜索框_1,搜索激活页_全部:搜索激活页（不包括输入搜索词后弹出的联想词列表页）_2,302
孕9月,1,新版能不能吃-搜索页:输入关键词_1,新版能不能吃-搜索结果页:食物卡片_2,298
孕9月,1,新签到首页-202108:签到商品feed_1,商品详情页9.5上线版本:整个页面_2,291
孕9月,1,新版能不能吃-首页:搜索框_1,新版能不能吃-搜索页:输入关键词_2,270
孕9月,1,新宝宝妈妈变化-孕育周刊:周切换_1,新宝宝妈妈变化-孕育周刊:上传按钮_2,263
孕9月,1,新问题详情页:返回_1,首页202007:feeds_2,252
孕9月,1,首页202007:签到_1,新签到首页-202108:当日红包开心收下_2,250
孕9月,1,广场首页:202004育儿版头部一级tab_1,广场首页:202004育儿版头部二级tab_2,243
孕9月,2,新宝宝妈妈变化-孕育周刊:返回按钮_1,新宝宝妈妈变化-孕育周刊:周刊卡片_2,2554
孕9月,2,首页202007:宝妈关爱整体卡片_1,首页202007:feeds_2,1461
孕9月,2,新宝宝妈妈变化-孕育周刊:周刊卡片_1,首页202007:feeds_2,1264
孕9月,2,新宝宝妈妈变化-孕育周刊:上传按钮_1,新宝宝妈妈变化-孕育周刊:返回按钮_2,1032
孕9月,2,新宝宝妈妈变化-孕育周刊:上传按钮_1,新宝宝妈妈变化-孕育周刊:周刊卡片_2,960
孕9月,2,首页202007:工具_1,首页202007:feeds_2,948
孕9月,2,首页202007:其他日_1,首页202007:宝妈关爱整体卡片_2,789
孕9月,2,新宝宝妈妈变化-孕育周刊:周切换_1,新宝宝妈妈变化-孕育周刊:返回按钮_2,764
孕9月,2,新宝宝妈妈变化-孕育周刊:周刊卡片_1,新宝宝妈妈变化-孕育周刊:上传按钮_2,680
孕9月,2,新版能不能吃-首页:搜索框_1,新版能不能吃-搜索页:输入关键词_2,532
孕9月,2,达人文章详情页:整个页面滑动_1,首页202007:feeds_2,527
孕9月,2,新版能不能吃-搜索页:输入关键词_1,新版能不能吃-搜索结果页:食物卡片_2,518
孕9月,2,首页202007:搜索框_1,搜索激活页_全部:搜索激活页（不包括输入搜索词后弹出的联想词列表页）_2,452
孕9月,2,首页202007:日期_1,首页202007:宝妈关爱整体卡片_2,451
孕9月,2,新宝宝妈妈变化-孕育周刊:周切换_1,新宝宝妈妈变化-孕育周刊:上传按钮_2,437
孕9月,2,首页202007:日期_1,首页202007:其他日_2,422
孕9月,2,搜索激活页_全部:搜索按钮_1,大搜-搜索结果页:大搜-搜索结果列表_2,420
孕9月,2,新问题详情页:返回_1,首页202007:feeds_2,404
孕9月,2,搜索激活页_全部:搜索激活页（不包括输入搜索词后弹出的联想词列表页）_1,搜索激活页_全部:联想词列表_2,404
孕9月,2,搜索激活页_全部:联想词列表_1,大搜-搜索结果页:大搜-搜索结果列表_2,394
无年龄,0,首页202007:feeds_1,首页202007:工具_2,4
无年龄,0,首页202007:feeds_1,home页202008:我的宝宝模块_2,3
无年龄,0,新宝宝妈妈变化-孕育周刊:返回按钮_1,新宝宝妈妈变化-孕育周刊:周刊卡片_2,2
无年龄,0,领饲料弹窗:使用指定工具领取奖励_1,领饲料弹窗:帮好友喂去完成_2,2
无年龄,0,日历首页:日历_1,日历首页:大姨妈走了_2,2
无年龄,0,领饲料弹窗:浏览广告任务领取奖励_1,领饲料弹窗:使用指定工具去完成_2,2
无年龄,0,首页202007:头部卡片左侧文案_1,新宝宝妈妈变化-孕育周刊:返回按钮_2,2
无年龄,0,领饲料弹窗:帮好友喂去完成_1,首页:好友牧场回家按钮_2,2
无年龄,0,home页202008:我的宝宝模块_1,新备孕信息填写:开启备孕状态_2,2
无年龄,0,领饲料弹窗:浏览广告任务去完成_1,领饲料弹窗:浏览广告任务领取奖励_2,2
无年龄,0,达人文章详情页:整个页面滑动_1,首页202007:feeds_2,2
无年龄,0,领饲料弹窗:使用指定工具去完成_1,领饲料弹窗:使用指定工具领取奖励_2,2
无年龄,0,首页:好友牧场回家按钮_1,首页:好友按钮_2,2
无年龄,0,首页:好友按钮_1,领饲料弹窗:帮好友喂领取奖励_2,1
无年龄,0,搜索激活页_全部:搜索激活页（不包括输入搜索词后弹出的联想词列表页）_1,大搜-搜索结果页:大搜-搜索结果列表_2,1
无年龄,0,首页202007:签到_1,首页202007:feeds_2,1
无年龄,0,新版本首页2019:首页开灯弹窗_1,新版本首页2019:搜索框_2,1
无年龄,0,首页202007:更多按钮_1,首页202007:feeds_2,1
无年龄,0,搜索激活页_全部:搜索按钮_1,大搜-搜索结果页:大搜-搜索结果列表_2,1
无年龄,0,首页202007:feeds_1,搜索激活页_全部:搜索激活页（不包括输入搜索词后弹出的联想词列表页）_2,1
无年龄,1,宝宝听-播放页:播放时长_1,全局音频悬浮条:展开态_2,1
无年龄,1,宝宝听-播放页:播放按钮_1,宝宝听-播放页:播放时长_2,1
无年龄,1,达人文章详情页:达人信息栏（头像昵称等）_1,新问题详情页:返回_2,1
无年龄,1,大搜-搜索结果页:大搜-搜索结果列表_1,首页202007:工具_2,1
无年龄,1,商品详情页9.5上线版本:返回按钮_1,商品详情页9.5上线版本:整个页面_2,1
无年龄,1,商品详情页9.5上线版本:底tab-立即购买_1,商品详情页9.5上线版本:返回按钮_2,1
无年龄,1,全局音频悬浮条:收起态_1,全局音频悬浮条:展开态-封面_2,1
无年龄,1,新签到首页-202108:当日红包开心收下_1,新签到首页-202108:签到商品feed_2,1
无年龄,1,全局音频悬浮条:展开态_1,新问题详情页:返回_2,1
无年龄,1,全局音频悬浮条:展开态-封面_1,宝宝听-播放页:播放按钮_2,1
无年龄,1,达人文章详情页:正文中插入的图片_1,达人文章详情页:整个页面滑动_2,1
无年龄,1,新问题详情页:展开_1,达人文章详情页:达人信息栏（头像昵称等）_2,1
无年龄,1,home页202008:工具_1,首页:新人礼盒子_2,1
无年龄,1,首页202007:右侧悬浮窗_1,H5活动右上角分享按钮:H5右上角原生分享_2,1
无年龄,1,首页202007:feeds_1,首页:好友牧场偷饲料手按钮_2,1
无年龄,1,新版能不能吃-首页:食物分类_1,新版能不能吃-分类列表页:食物卡片_2,1
无年龄,1,新版能不能吃-分类列表页:食物卡片_1,全局音频悬浮条:收起态_2,1
无年龄,1,搜索激活页_全部:联想词列表_1,首页202007:搜索框_2,1
无年龄,1,搜索激活页_全部:搜索激活页（不包括输入搜索词后弹出的联想词列表页）_1,搜索激活页_全部:历史搜索词_2,1
无年龄,1,搜索激活页_全部:搜索按钮_1,达人文章详情页:正文中插入的图片_2,1
无年龄,2,领饲料弹窗:使用指定工具去完成_1,领饲料弹窗:使用指定工具领取奖励_2,2
无年龄,2,视频封面详情页:详情页上滑引导蒙层_1,home页202008:feed_2,1
无年龄,2,记录时光首页:记录列表_1,记录时光首页:点击上传进度条区域_2,1
无年龄,2,首页201911:单个工具_1,首页:新人礼盒子_2,1
无年龄,2,视频封面详情页:左上角收起按钮_1,视频封面详情页:详情页上滑引导蒙层_2,1
无年龄,2,首页202007:feeds_1,记录时光首页:记录蒙层的照片视频_2,1
无年龄,2,首页202007:feeds_1,首页202007:工具_2,1
无年龄,2,领饲料弹窗:帮好友喂去完成_1,首页202007:feeds_2,1
无年龄,2,首页202007:工具_1,首页:新人礼盒子_2,1
无年龄,2,记录时光首页:记录蒙层的照片视频_1,本地照片选择页:照片选择_2,1
无年龄,2,领饲料弹窗:浏览广告任务去完成_1,领饲料弹窗:使用指定工具去完成_2,1
无年龄,2,首页:领饲料按钮_1,领饲料弹窗:邀请另一半去完成_2,1
无年龄,2,记录聚合列表页:发布按钮_1,记录时光首页:记录列表_2,1
无年龄,2,本地照片选择页:照片选择_1,本地照片选择页:确定按钮_2,1
无年龄,2,首页:首页奶箱_1,首页:信箱_2,1
无年龄,2,首页:新人礼盒子_1,首页201911:feeds_2,1
无年龄,2,领饲料弹窗:浏览广告任务领取奖励_1,领饲料弹窗:使用指定工具去完成_2,1
无年龄,2,首页202007:签到_1,首页202007:feeds_2,1
无年龄,2,home页202008:主页视频封面_1,TTS悬浮窗:TTS播放时长_2,1
无年龄,2,首页:领饲料按钮_1,领饲料弹窗:浏览广告任务去完成_2,1
